SL NO.,DFR No,Case No,Party Detail,Date Of Filing,Next Date Of Listing/Court,Status
1,577/2022,APL-51/2023,"Universal Biomass Energy Pvt. Ltd.
Vs
Punjab State Electricity Regulatory Commission & Ors.",30-12-2022,21/02/2023,Pending
2,576/2022,APL-50/2023,"SAEL Limited
Vs
Punjab State Electricity Regulatory Commission & Ors.",30-12-2022,21/02/2023,Pending
3,575/2022,APL-135/2023,"NTPC Limited
Vs
Central Electricity Regulatory Commission & Ors.",29-12-2022,21/03/2023,Pending
4,572/2022,APL-441/2023,"Bangalore Electricity Supply Company Ltd
Vs
Adyah Solar Energy Private Limited & Anr.",28-12-2022,09/07/2024,Pending
5,573/2022,APL-700/2023,"Bangalore Electricity Supply Company Ltd
Vs
Adyah Solar Energy Private LImited & Anr.",28-12-2022,07/02/2023,Pending
6,571/2022,APL-668/2023,"Bharat Aluminium Company Limited
Vs
Chhattisgarh State Electricity Regulatory Commission & Ors.",28-12-2022,05/12/2023,Pending
7,574/2022,APL-668/2023,"Asahi India Glass Limited
Vs
Maharashtra Electricity Regulatory Commission & Ors.",28-12-2022,27/03/2023,Disposed
8,567/2022,APL-318/2023,"Bekaert Industries Private Limited
Vs
Maharashtra Electricity Regulatory Commission & Ors.",27-12-2022,21/05/2026,Pending
9,569/2022,APL-699/2023,"Bangalore Electricity Supply Company Ltd
Vs
Adyah Solar Energy Private Limited & Anr.",27-12-2022,09/07/2024,Pending
10,568/2022,RP-19/2023,"Ascent Hydro Projects Limited
Vs
Madhya Pradesh Electricity Regulatory Commission & Ors.",27-12-2022,27/10/2023,Pending
11,570/2022,APL-526/2023,"Bangalore Electricity Supply Company Ltd
Vs
Adyah Solar Energy Private Limited & Anr.",27-12-2022,03/08/2023,Pending
12,566/2022,APL-338/2023,"Cogeneration Association of India (Cogen India)
Vs
Maharashtra Electricity Regulatory Commission & Anr.",23-12-2022,21/05/2026,Pending
13,565/2022,APL-311/2023,"Rajasthan Rajya Vidyut Utpadan Nigam Limited
Vs
Rajasthan Electricity Regulatory Commission & Ors.",23-12-2022,23/03/2023,Pending
14,564/2022,APL-552/2023,"Himachal Pradesh State Electricity Board Limited
Vs
Neri Hydro Projects Pvt. Ltd. & Ors.",22-12-2022,21/05/2026,Pending
15,562/2022,APL-2/2023,"IMC Limited
Vs
Petroleum and Natural Gas Regulatory Board",21-12-2022,15/05/2024,Disposed
16,563/2022,APL-312/2023,"Tata Power Company Limited
Vs
Jharkhand State Electricity Regulatory Commission & Anr.",21-12-2022,18/07/2023,Pending
17,561/2022,APL-69/2023,"Haryana Power Purchase Centre & Ors.
Vs
PTC India Limited & Ors.",21-12-2022,06/05/2026,Pending
18,558/2022,RP-2/2023,"Andhra Pradesh Electricity Regulatory Commission
Vs
Southern Power Distribution Company of AP Limited & Anr.",20-12-2022,24/01/2023,Pending
19,559/2022,RP-1/2023,"Andhra Pradesh Electricity Regulatory Commission
Vs
Southern Power Distribution Company of AP Ltd. & Anr.",20-12-2022,24/01/2023,Pending
20,557/2022,APL-249/2023,"Mahindra CIE Automotive Limited
Vs
Maharashtra Electricity Regulatory Commission & Ors.",20-12-2022,27/03/2023,Disposed
21,560/2022,APL-470/2022,"Emaar India Limited
Vs
Madhya Pradesh Electricity Regulatory Commission & Ors.",20-12-2022,09/01/2023,Disposed
22,556/2022,APL-437/2023,"Hubli Electricity Supply Company Ltd.
Vs
Mytrah Advaith Power Pvt. Ltd. & Ors.",19-12-2022,13/05/2024,Pending
23,555/2022,APL-437/2023,"Rallis India Limited (A TATA Enterprises)
Vs
Gujarat Electricity Regulatory Commission & Ors.",16-12-2022,17/04/2023,Disposed
24,553/2022,APL-209/2023,"Sembcorp Energy India Ltd.
Vs
Central Electricity Regulatory Commission & Ors.",16-12-2022,24/07/2023,Disposed
25,554/2022,APL-324/2023,"Haldia Energy Limited
Vs
West Bengal Electricity Regulatory Commissiom",16-12-2022,18/07/2023,Pending
26,552/2022,RP-11/2022,"UltraTech Cements Limited
Vs
Madhya Pradesh Electricity Regulatory Commission & Ors.",15-12-2022,06/01/2023,Disposed
27,550/2022,APL-29/2023,"Gujarat Urja Vikas Nigam Limited
Vs
Gujarat Electricity Regulatory Commission & Anr.",14-12-2022,05/10/2023,Pending
28,545/2022,RP-10/2022,"Prism Johnson Limited
Vs
Madhya Pradesh Electricity Regulatory Commission & Ors.",14-12-2022,06/01/2023,Disposed
29,548/2022,OP-7/2022,"Amplus Coastal Power Private Limited
Vs
Gujarat Electricity Regulatory Commission & Ors.",14-12-2022,13/01/2023,Disposed
30,547/2022,RP-12/2022,"Rajasthan Rajya Vidyut Prasaran Nigam Limited
Vs
Power Grid Corporation of India Ltd. & Ors.",14-12-2022,06/07/2023,Disposed
31,551/2022,APL-12/2022,"The Institute of Human Resources Development (IHRD),
Vs
Kerala State Electricity Regulatory Commission & Anr.",14-12-2022,25/05/2023,Disposed
32,546/2022,RP-13/2022,"Rajasthan Rajya Vidyut Prasaran Nigam Limited
Vs
Power Grid Corporation of India Ltd. & Ors.",14-12-2022,21/03/2023,Disposed
33,549/2022,APL-577/2023,"Indian Wind Power Association
Vs
Tamil Nadu Electricity Regulatory Commission & Anr.",14-12-2022,11/08/2023,Pending
34,544/2022,APL-115/2023,"Gujarat Gas Limited
Vs
Petroleum and Natural Gas Regulatory Board & Anr.",13-12-2022,19/04/2023,Disposed
35,543/2022,APL-295/2023,"Mahur Foods and Beverages
Vs
Gulbarga Electricity Supply Company Limited & Anr.",13-12-2022,21/07/2023,Pending
36,541/2022,APL-295/2023,"Essel Saurya Urja Company of Rajasthan Limited
Vs
Central Electricity Regulatory Commission & Ors.",12-12-2022,10/08/2023,Disposed
37,540/2022,APL-461/2022,"Lanco Amarkantak Power Limited
Vs
Chhattisgarh State Electricity Regulatory Commission & Ors.",12-12-2022,21/07/2023,Pending
38,542/2022,APL-3/2023,"Paranjape Auto Cast Private Limited
Vs
Maharashtra Electricity Regulatory Commission & Anr.",12-12-2022,21/05/2026,Pending
39,539/2022,APL-453/2022,"Vivid Solaire Energy Private Limited
Vs
Central Electricity Regulatory Commission & Ors.",08-12-2022,12/09/2024,Pending
40,538/2022,APL-301/2023,"Bangalore Electricity Supply Company Limited
Vs
Srishyla Educational Trust (R) & Anr.",08-12-2022,31/08/2023,Pending
41,536/2022,APL-301/2023,"Gujarat Power Corporation Limited
Vs
Central Electricity Regulatory Commission & Ors.",07-12-2022,01/12/2023,Disposed
42,537/2022,APL-17/2024,"Gujarat Power Corporation Limited
Vs
Central Electricity Regulatory Commission & Ors.",07-12-2022,20/08/2024,Pending
43,535/2022,APL-16/2024,"Gujarat Power Corporation Limited
Vs
Central Electricity Regulatory Commission & Ors.",07-12-2022,20/08/2024,Pending
44,533/2022,APL-435/2023,"Hubli Electricity Supply Company Limited
Vs
M/s Nadagouda Energies Private Limited & Ors.",05-12-2022,15/09/2023,Disposed
45,534/2022,APL-436/2023,"Hubli Elecetricity Supply Company Limited
Vs
Karnataka Electricity Regulatory Commission & Ors.",05-12-2022,31/10/2023,Pending
46,532/2022,APL-436/2023,"Nirmal Lohiya S/o Shri Ram Sewak Lohiya
Vs
Madhya Pradesh Electricity Regulatory Commission & Ors.",05-12-2022,09/02/2023,Defective
47,531/2022,APL-491/2023,"CESC Limited
Vs
West Bengal Electricity Regulatory Commission",02-12-2022,12/05/2023,Pending
48,529/2022,APL-389/2023,"Rajasthan Steel Chambers
Vs
Rajasthan Electricity Regulatory Commission & Ors.",02-12-2022,29/08/2023,Pending
49,530/2022,APL-361/2023,"SEA Shell Hotels and Resorts
Vs
Joint Electricity Regulatory Commission (JERC)(For the State of Goa and Union Territory) & Anr.",02-12-2022,04/07/2023,Pending
50,526/2022,APL-443/2022,"Jindal Steel and Power Limited
Vs
Chhattisgarh State Electricity Regulatory Commission & Ors.",01-12-2022,17/01/2023,Pending
51,522/2022,APL-438/2022,"Jindal Steel and Power Limited
Vs
Chhattisgarh State Electricity Regulatory Commission & Ors.",01-12-2022,23/01/2024,Pending
52,527/2022,APL-442/2022,"Jindal Steel and Power Limited
Vs
Chhattisgarh State Electricity Regulatory Commission & Ors.",01-12-2022,17/01/2023,Pending
53,524/2022,APL-441/2022,"Jindal Steel and Power Limited
Vs
Chhattisgarh State Electricity Regulatory Commission & Ors.",01-12-2022,17/01/2023,Pending
54,528/2022,APL-444/2022,"Jindal Steel and Power Limited
Vs
Chhattisgarh State Electricity Regulatory Commission & Ors.",01-12-2022,17/01/2023,Pending
55,525/2022,APL-439/2022,"Jindal Steel and Power Limited
Vs
Chhattisgarh State Electricity Regulatory Commission & Ors.",01-12-2022,17/01/2023,Pending
56,523/2022,APL-440/2022,"Jindal Steel and Power Limited
Vs
Chhattisgarh State Electricity Regulatory Commission & Ors.",01-12-2022,17/01/2023,Pending
57,521/2022,APL-253/2023,"Jindal India Thermal Power Limited
Vs
Kerala State Electricity Regulatory Commission & Anr.",30-11-2022,27/02/2023,Pending
58,520/2022,APL-253/2023,"Madhya Pradesh Power Management Company Limited
Vs
Uttar Pradesh Electricity Regulatory Commission & Ors.",29-11-2022,25/05/2023,Disposed
59,519/2022,EP-17/2022,"MB Power (Madhya Pradesh) Ltd.
Vs
Central Transmission Utility of India Limited  & Ors.",29-11-2022,13/01/2023,Disposed
60,516/2022,APL-360/2023,"Adani Electricity Mumbai Limited- Distribution
Vs
Maharashtra Electricity Regulatory Commission & Ors.",25-11-2022,04/05/2023,Pending
61,518/2022,APL-564/2023,"Hubli Electricity Supply Company Limited
Vs
S.G Arakeri Solar Power Private Limited & Ors.",25-11-2022,21/09/2023,Disposed
62,517/2022,APL-563/2023,"Hubli Electricity Supply Company Ltd.
Vs
Mayfair Renewable Energy (I) Private Limited & Ors.",25-11-2022,09/12/2024,Pending
63,512/2022,APL-271/2025,"Oil and Natural Gas Corporation Limited
Vs
Petroleum and Natural Gas Regulatory Board & Ors.",24-11-2022,29/10/2025,Pending
64,514/2022,APL-433/2022,"Tamil Nadu Generation and Distribution Corporation Limited
Vs
Central Electricity Regulatory Commission & Ors.",24-11-2022,18/07/2023,Disposed
65,515/2022,APL-452/2022,"Uttar Pradesh Power Corporation Limited & Ors.
Vs
Obra-C Badaun Transmission Limited  & Ors.",24-11-2022,29/05/2026,Pending
66,513/2022,APL-471/2022,"Himachal Pradesh Power Transmission Corporation Limited
Vs
Central Electricity Regulatory Commission & Ors.",24-11-2022,21/05/2026,Pending
67,509/2022,APL-440/2023,"Aravalli Power Company Private Limited
Vs
Central Electricity Regulatory Commission & Ors.",23-11-2022,05/12/2023,Pending
68,511/2022,APL-437/2022,"Vedanta Limited
Vs
Odisha Electricity Regulatory Commission & Ors.",23-11-2022,13/01/2023,Disposed
69,510/2022,EP-18/2022,"Ratnagiri Gas and Power Pvt Ltd
Vs
Maharashtra State Electricity Distribution Co. Ltd & Ors.",23-11-2022,20/04/2023,Disposed
70,506/2022,APL-390/2023,"Odisha Generation Phase II Transmission Ltd.
Vs
Central Electricity Regulatory Commission & Ors.",22-11-2022,29/08/2023,Pending
71,502/2022,APL-132/2023,"West Bengal State Electricity Distribution Company Limited
Vs
West Bengal Electricity Regulatory Commission",22-11-2022,01/05/2023,Pending
72,503/2022,APL-133/2023,"West Bengal State Electricity Distribution Company Limited
Vs
West Bengal Electricity Regulatory Commission",22-11-2022,01/05/2023,Pending
73,508/2022,APL-442/2023,"Everest Power Private Limited
Vs
Punjab State Electricity Regulatory Commission & Ors.",22-11-2022,11/04/2023,Pending
74,504/2022,APL-430/2022,"Barmer Lignite Mining Company Ltd. & Anr.
Vs
Rajasthan Electricity Regulatory Commission & Ors.",22-11-2022,03/01/2023,Disposed
75,505/2022,APL-430/2022,"CESC Limited
Vs
West Bengal Electricity Regulatory Commission",22-11-2022,12/05/2023,Disposed
76,507/2022,APL-434/2023,"Aravalli Power Company Private Limited
Vs
Central Electricity Regulatory Commission & Ors.",22-11-2022,07/11/2023,Pending
77,499/2022,APL-303/2023,"Parbati Koldam Transmission Limited
Vs
Central Electricity Regulatory Commission & Ors.",21-11-2022,13/10/2023,Pending
78,501/2022,APL-428/2022,"Kreate Energy India Private Limited
Vs
Maharashtra Electricity Regulatory Commission & Ors.",21-11-2022,01/05/2023,Pending
79,498/2022,APL-248/2023,"Kerala State Electricity Board Limited
Vs
Indsil Hydro Power and Manganese Limited  & Anr.",21-11-2022,23/02/2023,Pending
80,497/2022,APL-462/2022,"NTPC Limited
Vs
Central Electricity Regulatory Commission & Ors.",21-11-2022,11/04/2023,Pending
81,500/2022,APL-433/2023,"Hiranmaye Energy Limited (HMEL)
Vs
West Bengal Electricity Regulatory Commission & Anr.",21-11-2022,15/09/2023,Pending
82,496/2022,RP-433/2023,"Petroleum and Natural Gas Regulatory Board
Vs
Jay Madhok Energy Private Limited led Consortium",18-11-2022,30/11/2022,Defective
83,495/2022,APL-5/2023,"SIDCUL Entrepreneur Welfare Society  & Anr.
Vs
Uttarakhand Electricity Regulatory Commission & Anr.",18-11-2022,29/09/2025,Pending
84,494/2022,APL-279/2023,"Mahindra CIE Automotive Limited
Vs
Maharashtra Electricity Regulatory Commission & Ors.",17-11-2022,21/05/2026,Pending
85,492/2022,APL-71/2023,"Mahan Energen Limited (Formerly known as Essar Power M.P.Limited)
Vs
Central Electricity Regulatory Commission & Ors.",16-11-2022,19/05/2026,Pending
86,493/2022,APL-1/2023,"NTPC Limited
Vs
Central Electricity Regulatory Commission & Ors.",16-11-2022,18/07/2024,Pending
87,490/2022,APL-205/2023,"NTPC Limited
Vs
Central Electricity Regulatory Commission & Ors.",16-11-2022,13/05/2025,Pending
88,491/2022,APL-131/2023,"Uttar Pradesh Power Transmission Corporation Limited
Vs
Uttar Pradesh Electricity Regulatory Commission",16-11-2022,30/10/2023,Pending
89,486/2022,APL-401/2023,"Ajmer Vidyut Vitran Nigam Limited (AVVNL),
Vs
Rajasthan Electricity Regulatory Commission & Ors.",15-11-2022,21/02/2023,Pending
90,489/2022,APL-401/2023,"Hubli Electricity Supply Company Limited
Vs
Karnataka Electricity Regulatory Commission & Anr.",15-11-2022,17/08/2023,Disposed
91,487/2022,APL-402/2023,"Jaipur Vidyut Vitran Nigam Limited (JVVNL)
Vs
Rajasthan Electricity Regulatory Commission & Ors.",15-11-2022,21/02/2023,Pending
92,488/2022,APL-403/2023,"Jaipur Vidyut Vitran Nigam Limited (JVVNL)
Vs
Rajasthan Electricity Regulatory Commission & Ors.",15-11-2022,21/02/2023,Pending
93,485/2022,APL-400/2023,"Ajmer Vidyut Vitran Nigam Limited (AVVNL)
Vs
Rajasthan Electricity Regulatory Commission & Ors.",15-11-2022,11/08/2023,Pending
94,484/2022,APL-525/2023,"Gulbarga Electricity Supply Company Limited
Vs
Karnataka Electricity Regulatory Commission & Anr.",14-11-2022,11/08/2023,Pending
95,482/2022,APL-435/2022,"Lanco Amarkantak Power Limited
Vs
Haryana Electricity Regulatory Commission & Ors.",11-11-2022,18/07/2023,Pending
96,481/2022,APL-4/2023,"SIDCUL Entrepreneur Welfare Society
Vs
Uttarakhand Electricity Regulatory Commission & Anr.",11-11-2022,19/05/2026,Pending
97,483/2022,APL-457/2022,"Essar Power Gujarat Limited
Vs
Gujarat Electricity Regulatory Commission & Ors.",11-11-2022,23/01/2024,Disposed
98,480/2022,APL-457/2022,"Jaipur Vidyut Vitran Nigam Limited & Ors.
Vs
Central Electricity Regulatory Commission & Ors.",10-11-2022,21/03/2023,Disposed
99,479/2022,APL-292/2023,"Haldia Energy Limited
Vs
West Bengal Electricity Regulatory Commisssion",09-11-2022,16/05/2023,Pending
100,478/2022,APL-380/2023,"Uttar Pradesh Power Corporation Limited
Vs
Uttar Pradesh Electricity Regulatory Commission & Anr.",09-11-2022,19/05/2026,Pending
101,474/2022,APL-296/2023,"Maheshwari Mining and Energy Private Limited
Vs
Uttar Pradesh Electricity Regulatory Commission & Ors.",07-11-2022,20/07/2023,Pending
102,476/2022,APL-376/2023,"Gulbarga Electricity Supply Company Limited & Ors.
Vs
Jaypee Cement Corporation Limited (Formerly Known as Zawar Cements Private Limited) & Anr.",07-11-2022,14/08/2023,Pending
103,475/2022,APL-375/2023,"The Gulbarga Electricity Supply Company Limited & Ors.
Vs
Jaypee Cement Corporation Limited (Formerly known as Zawar Cements Private Limited) & Anr.",07-11-2022,09/11/2023,Pending
104,477/2022,APL-377/2023,"Gulbarga Electricity Supply Company Limited & Anr.
Vs
Jaypee Cement Corporation Limited (Known as Zawar Cements Private Limited) & Ors.",07-11-2022,14/08/2023,Pending
105,472/2022,APL-356/2023,"Azure Power Eris Private Limited
Vs
Bihar Electricity Regulatory Commission & Ors.",04-11-2022,06/04/2023,Pending
106,473/2022,APL-447/2022,"East-North Interconnection Company Limited
Vs
Central Electricity Regulatory Commission & Ors.",04-11-2022,19/05/2026,Pending
107,471/2022,APL-397/2023,"Punjab State Power Corporation Limited
Vs
Punjab State Electricity Regulatory Commission",03-11-2022,11/04/2023,Pending
108,470/2022,APL-436/2022,"NTPC Limited
Vs
Central Electricity Regulatory Commission & Ors.",03-11-2022,10/01/2025,Pending
109,469/2022,APL-426/2022,"Viraj Profiles Private Limited
Vs
Maharashtra Electricity Regulatory Commission & Ors.",03-11-2022,12/01/2023,Disposed
110,468/2022,APL-600/2023,"Beta Wind Farm Private Limited
Vs
Andhra Pradesh Electricity Regulatory Commission & Anr.",01-11-2022,19/05/2026,Pending
111,466/2022,APL-247/2023,"Jaiprakash Power Ventures Limited
Vs
Madhya Pradesh Electricity Regulatory Commission & Ors.",31-10-2022,23/10/2024,Disposed
112,467/2022,APL-247/2023,"Gujarat Urja Vikas Nigam Limited
Vs
Central Electricity Regulatory Commission & Ors.",31-10-2022,16/03/2023,Disposed
113,465/2022,APL-138/2023,"Jindal Stainless Limited
Vs
Odisha Electricity Regulatory Commission & Anr.",31-10-2022,01/05/2023,Pending
114,464/2022,APL-138/2023,"Southern Power Distribution Company of Andhra Pradesh Limited
Vs
Andhra Pradesh Electricity Regulatory Commission & Anr.",28-10-2022,25/11/2022,Disposed
115,462/2022,APL-345/2023,"Megha Engineering and Infrastructures Ltd.
Vs
Telangana State Electricity Regulatory Commission & Ors.",27-10-2022,17/10/2023,Pending
116,463/2022,APL-285/2023,"Maharashtra State Electricity Transmission Co. Limited (MSETCL)
Vs
Maharashtra Electricity Regulatory Commission & Ors.",27-10-2022,22/04/2025,Disposed
117,460/2022,APL-411/2022,"Siwana Solar Power Projects Pvt. Ltd.
Vs
Haryana Power Purchase Centre (HPPC) & Anr.",21-10-2022,21/08/2023,Disposed
118,461/2022,APL-605/2023,"Andhra Pradesh Solar Power Corporation Private Limited
Vs
Central Electricity Regulatory Commission & Ors.",21-10-2022,22/12/2023,Disposed
119,458/2022,APL-136/2023,"Madras Steel Re-Rollers  Association
Vs
Tamil Nadu Electricity Regulatory Commission & Anr.",21-10-2022,19/05/2026,Pending
120,459/2022,RP-136/2023,"Power Grid Corporation of India Limited
Vs
Punjab State Transmission Corporation Ltd. & Ors.",21-10-2022,28/11/2022,Disposed
121,455/2022,APL-358/2023,"Haryana Cooperative Sugar Mills Limited
Vs
Haryana Electricity Regulatory Commission & Anr.",20-10-2022,09/11/2023,Pending
122,457/2022,APL-429/2022,"Indraprastha Gas Limited
Vs
Petroleum and Natural Gas Regulatory Board & Anr.",20-10-2022,30/11/2022,Disposed
123,456/2022,APL-348/2023,"Merino Industries Limited
Vs
Haryana Electricity Regulatory Commission & Ors.",20-10-2022,31/03/2023,Pending
124,453/2022,APL-422/2023,"Uttar Pradesh Power Corporation Limited
Vs
Uttar Pradesh Electricity Regulatory Commission & Ors.",18-10-2022,20/08/2024,Pending
125,452/2022,APL-427/2023,"Uttar Pradesh Power Corporation Limited
Vs
Uttar Pradesh Electricity Regulatory Commission & Ors.",18-10-2022,20/08/2024,Pending
126,454/2022,APL-402/2022,"Greenko Bagalkot Solar Private Limited
Vs
Karnataka Electricity Regulatory Commission & Anr.",18-10-2022,19/05/2026,Pending
127,450/2022,APL-438/2023,"Kashi Vishwanath Steels Pvt. Ltd. & Ors.
Vs
Uttarakhand Power Corporation Ltd. & Anr.",17-10-2022,28/07/2023,Pending
128,451/2022,APL-426/2023,"Uttar Pradesh Power Corporation Limited
Vs
Uttar Pradesh Electricity Regulatory Commission & Ors.",17-10-2022,20/08/2024,Pending
129,446/2022,APL-400/2022,"NTPC Renewable Energy Limited
Vs
Rajasthan Electricity Regulatory Commission & Ors.",14-10-2022,19/05/2026,Pending
130,447/2022,APL-488/2023,"Sree Venkata Sreedevi Power LLP
Vs
Andhra Pradesh Electricity Regulatory Commission & Ors.",14-10-2022,14/08/2023,Pending
131,449/2022,APL-488/2023,"INOX Air Products Private Limited
Vs
Maharashtra Electricity Regulatory Commission & Ors.",14-10-2022,22/12/2022,Disposed
132,448/2022,APL-273/2023,"Inox Air Products Private Limited
Vs
Maharashtra Electricity Regulatory Commission & Ors.",14-10-2022,19/05/2026,Pending
133,444/2022,APL-305/2023,"Bihar State Power Holding Company Limited
Vs
Bihar Electricity Regulatory Commission  & Ors.",12-10-2022,20/07/2023,Pending
134,443/2022,APL-439/2023,"Galwalia Ispat Udyog Private Limited
Vs
Uttarakhand Power Corporation Limited & Anr.",12-10-2022,28/07/2023,Pending
135,445/2022,APL-458/2022,"Green Infra Renewable Projects Limited
Vs
Rajasthan Electricity Regulatory Commission & Ors.",12-10-2022,18/04/2023,Pending
136,442/2022,APL-403/2022,"Bharat Feeds and Extractions Limited
Vs
Madhya Pradesh Paschim Kshetra Vidyut Vitran Company Limited & Anr.",11-10-2022,20/02/2024,Disposed
137,441/2022,APL-176/2023,"Renew Power Private Limited
Vs
Central Electricity Regulatory Commission & Ors.",10-10-2022,07/02/2023,Pending
138,440/2022,APL-156/2023,"Gas Transmission India Private Limited
Vs
Petroleum and Natural Gas Regulatory Board",10-10-2022,04/10/2023,Disposed
139,439/2022,APL-418/2022,"Odisha Power Generation Corporation Limited
Vs
Central Electricity Regulatory Commission & Ors.",07-10-2022,08/05/2023,Pending
140,438/2022,APL-647/2023,"Powergrid Corporation of India ltd.
Vs
Central Electricity Regulatory Commission & Ors.",07-10-2022,31/08/2023,Pending
141,437/2022,APL-238/2023,"Rajasthan Rajya Vidyut Prasaran Nigam Limited
Vs
Rajasthan Electricity Regulatory Commission & Ors.",07-10-2022,10/08/2023,Pending
142,431/2022,OP-5/2022,"HPCL LNG Limited (100% subsidiary of Hindustan Petroleum Corporation Limited)
Vs
Gujarat Electricity Regulatory Commission",06-10-2022,16/03/2023,Pending
143,430/2022,APL-357/2023,"Madhya Pradesh Power Management Company Limited
Vs
Madhya Pradesh Electricity Regulatory Commission & Ors.",06-10-2022,15/09/2023,Pending
144,434/2022,APL-148/2023,"Korba Power Limited
Vs
Chhattisgarh State Electricity Regulatory Commission & Ors.",06-10-2022,29/08/2025,Disposed
145,432/2022,APL-177/2023,"Saurya Urja Company of Rajasthan Ltd.
Vs
Central Electricity Regulatory Commission & Ors.",06-10-2022,01/05/2023,Disposed
146,433/2022,APL-294/2023,"Madhyanchal Vidyut Vitran Nigam Limited
Vs
Uttar Pradesh Electricity Regulatory Commission",06-10-2022,20/10/2023,Pending
147,436/2022,APL-477/2023,"Bharat Heavy Electricals Limited
Vs
Karnataka Electricity Regulatory Commission & Anr.",06-10-2022,19/05/2023,Disposed
148,435/2022,APL-423/2022,"Salasar Hydro Urja Private Limited
Vs
Punjab State Electricity Regulatory Commission & Ors.",06-10-2022,19/05/2023,Pending
149,419/2022,APL-184/2023,"Renew Clean Energy Private Limited
Vs
Madhya Pradesh Electricity Regulatory Commission & Anr.",30-09-2022,30/05/2025,Disposed
150,422/2022,APL-417/2022,"West Bengal Power Development Corporation Ltd.
Vs
West Bengal Electricity Regulatory Commission",30-09-2022,26/05/2023,Pending
151,423/2022,APL-399/2022,"M/s Avaada Energy Private Limited & Anr.
Vs
Central Electricity Regulatory Commission & Ors.",30-09-2022,26/11/2024,Pending
152,420/2022,APL-420/2022,"Essel Mining and Industries Limited
Vs
Maharashtra Electricity Regulatory Commission & Anr.",30-09-2022,19/05/2026,Pending
153,424/2022,APL-265/2023,"West Bengal State Electricity Distribution Co. Ltd
Vs
Central Electricity Regulatory Commission & Anr.",30-09-2022,19/11/2024,Pending
154,426/2022,APL-267/2023,"Surya Alloy Industries Limited
Vs
West Bengal Electricity Regulatory Commission & Anr.",30-09-2022,04/07/2025,Disposed
155,427/2022,APL-485/2023,"Kanan Devan Hills Plantations Company Pvt. Ltd.
Vs
Kerala State Electricity Regulatory Commission & Anr.",30-09-2022,04/07/2023,Pending
156,421/2022,APL-658/2023,"Karnataka Power Transmission Corporation Ltd.
Vs
Powergrid Corporation of India ltd. & Ors.",30-09-2022,04/03/2024,Disposed
157,425/2022,APL-272/2023,"Torrent Power Limited
Vs
Central Electricity Regulatory Commission & Ors.",30-09-2022,15/05/2023,Pending
158,429/2022,APL-406/2022,"Western Precicast Private Limited
Vs
Maharashtra Electricity Regulatory Commission & Ors.",30-09-2022,26/05/2023,Pending
159,428/2022,APL-391/2022,"Jsons Foundry Private Limited
Vs
Maharashtra Electricity Regulatory Commission & Ors.",30-09-2022,04/05/2026,Pending
160,418/2022,APL-141/2023,"Haldia Energy Limited
Vs
West Bengal Electricity Regulatory Commission",29-09-2022,05/05/2025,Disposed
161,417/2022,APL-524/2023,"Tata Power Delhi Distribution Ltd.
Vs
Delhi Transco Limited & Ors.",27-09-2022,15/09/2023,Pending
162,415/2022,APL-387/2022,"Punjab State Power Corporation Limited,
Vs
Central Electricity Regulatory Commission & Ors.",26-09-2022,06/02/2023,Disposed
163,416/2022,APL-308/2023,"Owens-Corning (India) Private Limited
Vs
Maharashtra Electricity Regulatory Commission & Ors.",26-09-2022,15/05/2023,Pending
164,414/2022,APL-412/2022,"Vena Energy Clean Power Private Limited
Vs
Gujarat Urja Vikas Nigam Limited & Anr.",26-09-2022,09/01/2023,Disposed
165,413/2022,APL-465/2023,"Rama Shanker Awasthi
Vs
Uttar Pradesh Electricity Regulatory Commission & Anr.",23-09-2022,15/09/2025,Disposed
166,412/2022,APL-246/2023,"CESC Limited
Vs
West Bengal Electricity Regulatory Commission",23-09-2022,21/05/2024,Pending
167,411/2022,APL-329/2023,"CESC Limited
Vs
West Bengal Electricity Regulatory Commission",23-09-2022,21/05/2024,Pending
168,410/2022,APL-388/2022,"Uttar Haryana Bijli Vitran Nigam Ltd. & Anr.
Vs
Central Electricity Regulatory Commission & Ors.",22-09-2022,25/11/2022,Disposed
169,408/2022,APL-446/2022,"Adani Power  Limited
Vs
Chhattisgarh State Electricity Regulatory Commission & Anr.",22-09-2022,02/06/2023,Pending
170,409/2022,APL-221/2023,"CESC Limited
Vs
West Bengal Electricity Regulatory Commission",22-09-2022,21/05/2024,Pending
171,405/2022,APL-333/2023,"Southern Power Distribution Company of Andhra Pradesh Ltd.
Vs
Andhra Pradesh Electricity Regulatory Commission",21-09-2022,24/04/2026,Disposed
172,403/2022,APL-350/2023,"Andhra Pradesh Central Power Distribution Corporation Limited
Vs
Andhra Pradesh Electricity Regulatory Commission",21-09-2022,01/06/2023,Pending
173,407/2022,EP-16/2022,"Essar Power Limited
Vs
Gujarat Electricity Regulatory Commission & Anr.",21-09-2022,20/12/2022,Disposed
174,406/2022,APL-335/2023,"Eastern Power Distribution Company of Andhra Pradesh Ltd.
Vs
Andhra Pradesh Electricity Regulatory Commission",21-09-2022,29/05/2026,Pending
175,401/2022,APL-328/2023,"CESC Limited
Vs
West Bengal Electricity Regulatory Commission",21-09-2022,28/03/2023,Pending
176,402/2022,APL-252/2023,"Vedanta Limited
Vs
Odisha Electricity Regulatory Commission & Ors.",21-09-2022,13/10/2023,Pending
177,404/2022,APL-530/2023,"Damodar Valley Corporation
Vs
West Bengal State Electricity Distribution Company Limited & Ors.",21-09-2022,02/07/2024,Pending
178,400/2022,APL-407/2022,"Jabalpur Transmission Company Limited
Vs
Central Electricity Regulatory Commission & Ors.",20-09-2022,11/04/2023,Pending
179,398/2022,APL-310/2023,"Purvanchal Vidyut Vitran Nigam Limited
Vs
Uttar Pradesh Electricity Regulatory Commission",20-09-2022,27/02/2023,Pending
180,397/2022,APL-222/2023,"Kanpur Electricity Supply Company Limited
Vs
Uttar Pradesh Electricity Regulatory Commission",20-09-2022,18/07/2023,Pending
181,396/2022,APL-390/2022,"Solitaire Power tech Private Limited
Vs
Karnataka Electricity Regulatory Commission & Ors.",20-09-2022,14/10/2022,Disposed
182,399/2022,APL-381/2022,"Prayatna Developers Private Limited
Vs
Punjab State Electricity Regulatory Commission & Ors.",20-09-2022,19/05/2023,Pending
183,394/2022,APL-412/2023,"TGV Sraac Limited (Formerly known as Sree Rayalaseema Alkalies and Allied Chemicals Limited)
Vs
Andhra Pradesh Electricity Regulatory Commission & Anr.",19-09-2022,29/08/2023,Disposed
184,391/2022,APL-130/2023,"Uttaranchal Iron and Ispat Ltd.
Vs
Uttarakhand Electricity Regulatory Commission & Anr.",19-09-2022,02/06/2023,Pending
185,393/2022,APL-220/2023,"Khari Hydro Power Project Limited
Vs
Joint Electricity Regulatory Commission (JERC) for the UT of Jammu and Kashmir and UT of Ladakh",19-09-2022,24/08/2023,Pending
186,390/2022,APL-220/2023,"Maharashtra State Electricity Distribution Company Ltd.
Vs
Central Electricity Regulatory Commission & Ors.",19-09-2022,19/01/2023,Defective
187,395/2022,APL-413/2023,"TGV SRAAC LIMITED (Formerly known as Sree Rayalaseema Alkalies And Allied Chemicals Limited)
Vs
Andhra Pradesh Electricity Regulatory Commission & Anr.",19-09-2022,25/09/2024,Disposed
188,392/2022,APL-268/2023,"Madhya Pradesh Paschim Kshetra Vidyut Vitran Co. Limited
Vs
Madhya Pradesh Electricity Regulatory Commission & Anr.",19-09-2022,31/03/2023,Disposed
189,386/2022,APL-410/2022,"Power Transmission Corporation of Uttarakhand Limited
Vs
Power Grid Corporation of India Limited & Ors.",16-09-2022,07/04/2026,Pending
190,388/2022,APL-393/2022,"Maharashtra State Electricity Distribution Company Limited
Vs
Maharashtra Electricity Regulatory Commission & Ors.",16-09-2022,18/05/2023,Disposed
191,389/2022,APL-385/2022,"Kharghar Vikhroli Transmission Limited
Vs
Maharashtra Electricity Regulatory Commission & Ors.",16-09-2022,11/09/2025,Disposed
192,387/2022,APL-382/2022,"RattanIndia Power Limited
Vs
Maharashtra Electricity Regulatory Commission & Ors.",16-09-2022,12/05/2023,Pending
193,385/2022,APL-225/2023,"Dakshinanchal Vidyut Vitran Nigam Limited
Vs
Uttar Pradesh Electricity Regulatory Commission",16-09-2022,18/07/2023,Pending
194,384/2022,RP-9/2022,"Municipal Corporation of Greater Mumbai
Vs
Central Electricity Regulatory Commission  & Ors.",16-09-2022,28/10/2022,Disposed
195,383/2022,APL-9/2022,"SKS Power Generation (Chhattisgarh) Limited
Vs
Central Electricity Regulatory Commission & Anr.",15-09-2022,09/01/2023,Disposed
196,381/2022,APL-376/2022,"Talwandi Sabo Power Limited
Vs
Punjab State Electricity Regulatory Commission & Ors.",14-09-2022,27/02/2024,Pending
197,380/2022,APL-468/2022,"Southern Power Distribution Company of Andhra Pradesh Limited & Ors.
Vs
Andhra Pradesh Electricity Regulatory Commission & Anr.",14-09-2022,03/01/2023,Pending
198,382/2022,APL-145/2023,"Madhya Pradesh Paschim Kshetra Vidyut Vitran Co. Ltd.
Vs
Madhya Pradesh Electricity Regulatory Commission & Anr.",14-09-2022,01/05/2023,Pending
199,378/2022,APL-145/2023,"Sanyo Special Steel Manufacturing India Pvt. Ltd.
Vs
Maharashtra Electricity Regulatory Commission & Ors.",13-09-2022,17/03/2023,Disposed
200,375/2022,APL-304/2023,"Paschimanchal Vidyut Vitran Nigam Limted
Vs
Uttar Pradesh Electricity Regulatory Commission",13-09-2022,18/07/2023,Pending
201,374/2022,APL-383/2022,"Uttar Haryana Bijli Vitran Nigam Limited & Ors.
Vs
Central Electricity Regulatory Commission & Ors.",13-09-2022,02/02/2024,Disposed
202,376/2022,APL-278/2023,"Sanyo Special Steel Manufacturing India Private Limited
Vs
Maharashtra Electricity Regulatory Commission & Ors.",13-09-2022,15/05/2023,Pending
203,379/2022,APL-224/2023,"Uttar Pradesh Power Corporation Limited
Vs
Uttar Pradesh Electricity Regulatory Commission",13-09-2022,20/02/2023,Pending
204,377/2022,APL-378/2022,"Arina Solar Pvt. Ltd.
Vs
Central Electricity Regulatory Commission & Ors.",13-09-2022,06/07/2023,Pending
205,370/2022,APL-16/2023,"Gujarat Gas Limited
Vs
Petroleum and Natural Gas Regulatory Board",12-09-2022,26/04/2024,Disposed
206,369/2022,APL-15/2023,"Gujarat Gas Limited
Vs
Petroleum and Natural Gas Regulatory Board",12-09-2022,26/04/2024,Disposed
207,371/2022,APL-17/2023,"Gujarat Gas Limited
Vs
Petroleum and Natural Gas Regulatory Board",12-09-2022,26/04/2024,Disposed
208,368/2022,APL-14/2023,"Gujarat Gas Limited
Vs
Petroleum and Natural Gas Regulatory Board",12-09-2022,26/04/2024,Disposed
209,372/2022,APL-18/2023,"Gujarat Gas Limited
Vs
Petroleum and Natural Gas Regulatory Board",12-09-2022,08/05/2024,Disposed
210,367/2022,APL-398/2022,"Noida Power Company Limited
Vs
Uttar Pradesh Electricity Regulatory Commission",12-09-2022,11/05/2026,Pending
211,373/2022,APL-291/2023,"Steel Authority of India Limited
Vs
West Bengal Electricity Regulatory Commission & Anr.",12-09-2022,02/03/2023,Pending
212,365/2022,APL-396/2022,"Freewings Power and Infra Limited
Vs
Madhya Pradesh Electricity Regulatory Commission & Ors.",09-09-2022,06/04/2023,Pending
213,366/2022,APL-139/2023,"The West Bengal Power Development Corporation Limited
Vs
West Bengal Electricity Regulatory Commission",09-09-2022,25/05/2026,Pending
214,364/2022,APL-323/2023,"Transmission Corporation of Andhra Pradesh Ltd.
Vs
Central Electricity Regulatory Commission & Ors.",08-09-2022,18/07/2023,Pending
215,363/2022,APL-377/2022,"Kudgi Transmission Limited
Vs
Central Electricity Regulatory Commission & Ors.",07-09-2022,29/08/2023,Pending
216,362/2022,APL-421/2023,"Gujarat Urja Vikas Nigam Limited & Anr.
Vs
Gujarat Electricity Regulatory Commission & Ors.",07-09-2022,08/05/2023,Pending
217,361/2022,APL-10/2023,"GMR Kamalanga Energy Limited
Vs
Central Electricity Regulatory Commission & Anr.",06-09-2022,16/05/2023,Pending
218,360/2022,APL-129/2023,"Jaiprakash Power Ventures Ltd.
Vs
M. P. Power Management Company Ltd.  & Ors.",05-09-2022,13/07/2023,Pending
219,359/2022,APL-384/2022,"M.P. Power Transmission Package - II Limited, C/o Adani Transmission Limited
Vs
Madhya Pradesh Electricity Regulatory Commission & Ors.",05-09-2022,04/05/2023,Pending
220,358/2022,APL-372/2022,"CESC Limited
Vs
West Bengal Electricity Regulatory Commission",02-09-2022,21/03/2024,Disposed
221,357/2022,APL-375/2022,"Haldia Energy Limited
Vs
West Bengal Electricity Regulatory Commision",02-09-2022,06/04/2023,Pending
222,355/2022,APL-119/2023,"Jaiprakash Power Ventures Limited (Unit: Jypee Bina Thermal Power Plant)
Vs
Madhya Pradesh Electricity Regulatory Commission & Anr.",01-09-2022,04/08/2023,Pending
223,356/2022,APL-118/2023,"Gujarat Gas Limited
Vs
Petroleum and Natural Gas Regulatory Board",01-09-2022,09/08/2023,Disposed
224,354/2022,APL-389/2022,"NRSS-XXIX Transmission Limited
Vs
Central Electricity Regulatory Commission & Ors.",31-08-2022,13/05/2026,Pending
225,350/2022,APL-240/2023,"Waacox Energy Private Limited
Vs
Maharashtra State Power Generation Company Limited & Ors.",30-08-2022,09/05/2023,Pending
226,353/2022,APL-411/2023,"NHPC Limited
Vs
Central Electricity Regulatory Commission & Ors.",30-08-2022,29/04/2026,Pending
227,349/2022,APL-42/2023,"Hassan Thermal Power Private Limited
Vs
Government of Karnataka, Department of Energy & Ors.",30-08-2022,13/09/2024,Disposed
228,351/2022,APL-549/2023,"NHPC Ltd.
Vs
Central Electricity Regulatory Commission & Ors.",30-08-2022,04/12/2023,Pending
229,352/2022,APL-611/2023,"Parry Sugars Refinery India Private Limited
Vs
Andhra Pradesh Electricity Regulatory Commission & Anr.",30-08-2022,29/08/2023,Disposed
230,347/2022,APL-126/2024,"Dhanashree Agro Products Private Limited (Formerly known as M/S Lakshmi Sugar Mills Co. Limited)
Vs
Uttarakhand Power Corporation Limited & Anr.",24-08-2022,22/07/2024,Pending
231,348/2022,APL-490/2023,"Ordnance Factory, Itarsi (now known as Unit of Munitions India Limited) Itarsi, & Anr.
Vs
Madhya Pradesh Electricity Regulatory Commission & Ors.",24-08-2022,22/02/2024,Pending
232,346/2022,CP-490/2023,"Sirwar Renewable Energy Private Limited
Vs
Karnataka Electricity Regulatory Commission & Ors.",23-08-2022,16/01/2023,Pending
233,344/2022,APL-144/2023,"Haldia Energy Limited
Vs
West Bengal Electricity Regulatory Commission",22-08-2022,01/05/2023,Pending
234,345/2022,APL-149/2023,"Haldia Energy Limited
Vs
West Bengal Electricity Regulatory Commission",22-08-2022,01/05/2023,Pending
235,343/2022,APL-374/2022,"EID Parry (India) Limited
Vs
Karnataka Electricity Regulatory Commission & Ors.",22-08-2022,21/04/2023,Pending
236,342/2022,APL-219/2023,"Hotel Panduranga International
Vs
Bangalore Electricity Supply Company Ltd & Ors.",18-08-2022,03/07/2023,Pending
237,340/2022,APL-391/2023,"Rain CII Carbon (Vizag) Limited
Vs
Andhra Pradesh Electricity Regulatory Commission & Ors.",18-08-2022,14/12/2023,Disposed
238,341/2022,RP-16/2023,"The Bureau of Energy Efficiency & Anr.
Vs
Jindal Stainless Limited & Ors.",18-08-2022,06/07/2023,Disposed
239,337/2022,APL-358/2022,"Punjab State Power Corporation Limited
Vs
Rajasthan Rajya Vidyut Prasaran Nigam Ltd. & Anr.",17-08-2022,30/05/2023,Disposed
240,338/2022,APL-117/2023,"Waaree PV Technologies Pvt. Ltd.
Vs
The Superintending Engineer, Electricity Department & Anr.",17-08-2022,20/07/2023,Pending
241,336/2022,APL-89/2023,"GRIDCO Limited
Vs
Odisha Electricity Regulatory Commission & Anr.",17-08-2022,11/04/2023,Pending
242,339/2022,APL-269/2023,"Rialto Enterprises Pvt. Ltd.
Vs
Tamil Nadu Electricity Regulatory Commission & Anr.",17-08-2022,09/04/2024,Pending
243,332/2022,APL-334/2023,"My Home Industries Private Limited
Vs
Telangana State Electricity Regulatory Commission & Ors.",16-08-2022,02/05/2023,Pending
244,334/2022,APL-373/2022,"MSPL Limited
Vs
Bangalore Electricity Supply Company Ltd & Anr.",16-08-2022,24/04/2024,Disposed
245,335/2022,APL-371/2022,"Ramgad Minerals and Mining Limited
Vs
Bangalore Electricity Supply Company (BESCOM) & Anr.",16-08-2022,13/08/2024,Disposed
246,333/2022,APL-336/2023,"Peena Cement Industries Limited
Vs
Telangana State Electricity Regulatory Commission & Ors.",16-08-2022,02/05/2023,Pending
247,327/2022,APL-290/2023,"Dinman Polypacks Private Limited
Vs
West bengal Electricity Regulatory Commission  & Anr.",10-08-2022,28/08/2025,Pending
248,326/2022,APL-361/2022,"AGP City Gas Pvt. Ltd.
Vs
Petroleum and Natural Gas Regulatory Board",10-08-2022,08/03/2024,Disposed
249,324/2022,EP-15/2022,"Avaada Energy Private Limited
Vs
Maharashtra State Electricity Distribution Co. Ltd.",10-08-2022,14/10/2022,Pending
250,325/2022,APL-356/2022,"Vaayu ( India) Power Corporation Private Limited
Vs
Andhra Pradesh Southern Power Distribution Company Limited & Anr.",10-08-2022,13/01/2026,Pending
251,330/2022,OP-4/2022,"West Bengal State Electricity Distribution Company Limited
Vs
West Bengal Electricity Regulatory Commission",10-08-2022,12/12/2022,Disposed
252,331/2022,APL-363/2022,"Amerli Power Projects Ltd.  & Ors.
Vs
Gujarat Electricity Regulatory Commission & Ors.",10-08-2022,11/07/2025,Disposed
253,329/2022,APL-365/2023,"GRIDCO Limited
Vs
Odisha Electricity Regulatory Commission & Ors.",10-08-2022,25/07/2023,Pending
254,328/2022,APL-204/2023,"GRIDCO Limited
Vs
Odisha Electricity Regulatory Commission & Ors.",10-08-2022,21/07/2023,Pending
255,323/2022,APL-76/2023,"Bhagyanagar Gas Limited (A Joint Venture of Gail (India) Ltd.
Vs
Oil and Natural gas Corporation Ltd.  & Ors.",08-08-2022,25/01/2023,Disposed
256,322/2022,APL-456/2022,"Southern Power Distribution Company of Andhra Pradesh Ltd. & Ors.
Vs
Andhra Pradesh Electricity Regulatory Commission & Anr.",08-08-2022,26/05/2026,Pending
257,321/2022,APL-462/2023,"PTC India Limited
Vs
Tamil Nadu Electricity Regulatory Commission & Ors.",05-08-2022,29/05/2023,Pending
258,319/2022,APL-342/2022,"JSW Energy (Barmer) Ltd.
Vs
Rajasthan Electricity Regulatory Commission & Ors.",04-08-2022,09/07/2024,Disposed
259,320/2022,APL-760/2023,"Rajpet Energy LLP.
Vs
Karnataka Electricity Regulatory Commission & Ors.",04-08-2022,14/08/2023,Pending
260,318/2022,APL-239/2023,"The West Bengal  Power Development Corporation Limited
Vs
West Bengal Electricity Regulatory Commission",02-08-2022,24/02/2023,Pending
261,317/2022,APL-362/2023,"Hubli Electricity Supply Company Limited
Vs
ACME Hukeri Solar Energy Private Limited & Anr.",02-08-2022,19/09/2023,Pending
262,314/2022,APL-167/2023,"Jhabua Power Ltd.
Vs
Kerala State Electricity Regulatory Commission  & Anr.",01-08-2022,16/10/2023,Disposed
263,315/2022,APL-456/2023,"Umiya Holding Private Limited
Vs
Karnataka Electricity Regulatory Commission & Ors.",01-08-2022,08/12/2023,Pending
264,313/2022,APL-256/2023,"R.S. Yarns and Power (Pvt.) Limited
Vs
Tamil Nadu Electricity Regulatory Commission & Ors.",01-08-2022,16/03/2023,Pending
265,316/2022,APL-809/2023,"Hubli Electricity Supply Company Ltd.
Vs
Acme Sandur Solar Energy Private Limited  & Anr.",01-08-2022,12/09/2023,Pending
266,312/2022,RP-18/2023,"Power Grid Corporation of India Ltd. (Now Central Transmission Utility of India Limited)
Vs
Central Electricity Regulatory Commission & Anr.",28-07-2022,27/10/2023,Pending
267,311/2022,APL-18/2023,"Punjab Energy Development Agency
Vs
Indian Sucrose Limited & Ors.",28-07-2022,09/02/2023,Disposed
268,308/2022,APL-200/2023,"Mangalore Electricity Supply Company
Vs
Karnataka Electricity Regulatory Commission",27-07-2022,13/02/2023,Pending
269,309/2022,APL-330/2022,"ACME Heergarh Powertech Private Limited
Vs
Maharashtra Electricity Regulatory Commission & Anr.",27-07-2022,31/01/2025,Disposed
270,310/2022,APL-362/2022,"Adani Renewable Energy Park Rajasthan Limited
Vs
Central Electricity Regulatory Commission & Ors.",27-07-2022,06/02/2023,Disposed
271,307/2022,APL-352/2022,"Fatehgarh Bhadla Transmission Company Limited
Vs
Central Electricity Regulatory Commission & Ors.",26-07-2022,02/05/2023,Disposed
272,306/2022,APL-354/2022,"NTPC Limited
Vs
Central Electricity Regulatory Commission & Ors.",25-07-2022,25/05/2023,Pending
273,304/2022,APL-354/2022,"Hubli Electricity Supply Company Limited
Vs
Adani Green Energy (UP) Limited & Anr.",25-07-2022,31/03/2023,Disposed
274,305/2022,APL-199/2023,"Solar Energy Corporation of India Limited
Vs
Uttar Pradesh Electricity Regulatory Commission & Anr.",25-07-2022,06/07/2023,Disposed
275,303/2022,APL-146/2023,"NTPC Limited
Vs
Central Electricity Regulatory Commission & Ors.",22-07-2022,31/01/2023,Pending
276,301/2022,APL-350/2022,"NTPC Limited
Vs
Central Electricity Regulatory Commission & Ors.",22-07-2022,06/04/2023,Pending
277,299/2022,APL-364/2023,"Haryana Power Purchase Centre
Vs
Haryana Electricity Regulatory Commission & Ors.",22-07-2022,13/10/2023,Pending
278,302/2022,APL-197/2023,"Azure Power Thirty Four Private Limited
Vs
Maharashtra Electricity Regulatory Commission & Anr.",22-07-2022,10/02/2023,Pending
279,300/2022,APL-349/2022,"NTPC Limited
Vs
Central Electricity Regulatory Commission & Ors.",22-07-2022,25/05/2023,Pending
280,298/2022,APL-349/2022,"Bangalore Electricity Supply Company Limited
Vs
Karnataka Electricity Regulatory Commission",20-07-2022,07/07/2023,Disposed
281,296/2022,APL-349/2022,"Hubli Electricity Supply Company Limited
Vs
Adani Green Energy (UP) Limited & Anr.",19-07-2022,31/03/2023,Disposed
282,295/2022,APL-351/2022,"Dalmia Cement  (Bharat) Limited (Formerly M/s OCL India Limited)
Vs
Tata Power Western Odisha Distribution Limited (Formerly WESCO)   & Anr.",19-07-2022,18/05/2023,Pending
283,294/2022,APL-331/2023,"Narbheram Solar TN Private Limited
Vs
Tamil Nadu Electricity Regulatory Commission (TNERC) & Ors.",19-07-2022,16/05/2024,Disposed
284,293/2022,APL-330/2023,"NVR Energy Private Limited
Vs
Tamil Nadu Electricity Regulatory Commission (TNERC) & Ors.",19-07-2022,09/01/2025,Disposed
285,297/2022,APL-62/2023,"Nawashahr Power Private Limited
Vs
Punjab State Electricity Regulatory Commission & Ors.",19-07-2022,09/10/2023,Pending
286,291/2022,APL-341/2022,"Power Grid Corporation of India ltd.
Vs
Central Electricity Regulatory Commission & Ors.",18-07-2022,04/05/2023,Pending
287,290/2022,APL-307/2022,"Damodar Valley Power Consumers Association & Ors.
Vs
West Bengal Electricity Regulatory Commission & Anr.",18-07-2022,07/11/2025,Pending
288,292/2022,APL-327/2022,"KSK Mahanadi Power Company Limited
Vs
Central Electricity Regulatory Commission & Anr.",18-07-2022,01/08/2022,Disposed
289,288/2022,APL-323/2022,"Jindal India Thermal Power Limited
Vs
Central Electricity Regulatory Commission & Ors.",15-07-2022,02/05/2023,Pending
290,287/2022,APL-326/2023,"Bhilangana Hydro Power Limited
Vs
Central Electricity Regulatory Commission & Ors.",15-07-2022,21/03/2023,Pending
291,289/2022,APL-355/2022,"West Bengal Power Development Corporation Ltd.
Vs
West Bengal Electricity Regulatory Commission",15-07-2022,18/05/2023,Pending
292,286/2022,APL-497/2023,"Mytrah Energy (India) Limited
Vs
Central Electricity Regulatory Commission & Ors.",15-07-2022,19/05/2023,Pending
293,285/2022,APL-353/2022,"NTPC Limited
Vs
Central Electricity Regulatory Commission & Ors.",14-07-2022,16/03/2023,Pending
294,283/2022,APL-289/2023,"Steel Authority of India Limited
Vs
West Bengal Electricity Regulatory Commission & Anr.",14-07-2022,17/10/2022,Pending
295,284/2022,APL-86/2023,"Uttar Pradesh Power Corporation Limited & Ors.
Vs
MB Power (Madhya Pradesh ) Limited & Ors.",14-07-2022,24/01/2025,Pending
296,282/2022,APL-324/2022,"NTPC Limited
Vs
Central Electricity Regulatory Commission & Ors.",13-07-2022,25/05/2023,Pending
297,281/2022,APL-124/2023,"Hubli Electricity Supply Company Ltd.
Vs
Karnataka Electricity Regulatory Commission",13-07-2022,25/08/2023,Disposed
298,280/2022,APL-283/2022,"Jindal India Thermal Power Limited
Vs
Central Electricity Regulatory Commission & Ors.",13-07-2022,17/01/2023,Disposed
299,278/2022,EP-9/2022,"Walwhan Renewable Energy Limited (Formerly known as Welspun Renewable Energy Private Limited)
Vs
Bangalore Electricity Supply Company Limited & Ors.",12-07-2022,26/05/2023,Pending
300,276/2022,APL-116/2023,"M/s Saurya Urja Company of Rajasthan Ltd.
Vs
Central Electricity Regulatory Commission & Anr.",12-07-2022,24/06/2025,Disposed
301,277/2022,APL-287/2023,"INOX Air Products Private Limited
Vs
West Bengal Electricity Regulatory Commission & Anr.",12-07-2022,09/09/2025,Pending
302,279/2022,EP-10/2022,"Walwhan Renewable Energy Limited (Formerly known as Welspun Renewable Energy Private Limited)
Vs
Bangalore Electricity Supply Company Limited & Ors.",12-07-2022,26/05/2023,Pending
303,274/2022,APL-332/2022,"AGP City Gas Pvt. Ltd.
Vs
Petroleum and Natural Gas Regulatory Board",11-07-2022,08/03/2024,Disposed
304,273/2022,APL-331/2022,"AGP CGD India Pvt. Ltd.
Vs
Petroleum and Natural Gas Regulatory Board",11-07-2022,05/12/2025,Disposed
305,275/2022,APL-234/2023,"NTPC Limited
Vs
Central Electricity Regulatory Commission & Ors.",11-07-2022,21/02/2023,Pending
306,271/2022,APL-610/2023,"RVK Energy Private Limited
Vs
Andhra Pradesh Electricity Regulatory Commission & Anr.",08-07-2022,29/08/2023,Disposed
307,272/2022,APL-822/2023,"Chhattisgarh State Power Distribution Co. Ltd.
Vs
Chhattisgarh State Electricity Regulatory Commission & Anr.",08-07-2022,18/03/2024,Pending
308,270/2022,APL-343/2022,"SJVN Limited
Vs
Punjab State Power Corporation Limited(PSPCL) & Ors.",08-07-2022,28/02/2023,Pending
309,267/2022,APL-266/2023,"Rajasthan Rajya Vidyut Prasaran Nigam Limited
Vs
Rajasthan Electricity Regulatory Commission & Ors.",07-07-2022,17/03/2023,Pending
310,268/2022,APL-450/2023,"NTPC Limited
Vs
Central Electricity Regulatory Commission & Ors.",07-07-2022,25/09/2023,Pending
311,269/2022,APL-311/2022,"H-Energy Private Limited
Vs
Petroleum and Natural Gas Regulatory Board",07-07-2022,10/05/2023,Disposed
312,265/2022,APL-308/2022,"Hindustan Petroleum Corporation Limited
Vs
Petroleum and Natural Gas Regulatory Board",06-07-2022,19/04/2023,Disposed
313,266/2022,APL-347/2022,"Kanhiya Real Estate and Infrastructure & Ors.
Vs
Punjab State Power Corporation Limited, & Anr.",06-07-2022,20/02/2023,Pending
314,264/2022,APL-6/2023,"Hindustan Petroleum Corporation Limited
Vs
Petroleum and Natural Gas Regulatory Board",06-07-2022,19/04/2023,Disposed
315,263/2022,APL-215/2023,"Rajasthan Urja Vikas Nigam Limited
Vs
Central Electricity Regulatory Commission & Ors.",05-07-2022,16/02/2023,Pending
316,261/2022,APL-609/2023,"Star Wire  (India) Vidyut Private Limited
Vs
Haryana Electricity Regulatory Commission & Anr.",04-07-2022,14/08/2023,Pending
317,262/2022,APL-292/2022,"Inox Green Energy Services Ltd. & Ors.
Vs
Central Electricity Regulatory Commission (CERC) & Ors.",04-07-2022,24/02/2023,Disposed
318,259/2022,APL-13/2023,"AGP City Gas Pvt. Ltd.
Vs
Petroleum and Natural Gas Regulatory Board",01-07-2022,08/03/2024,Disposed
319,260/2022,APL-241/2023,"Nirmal Lohiya
Vs
Madhya Pradesh Electricity Regulatory Commission & Ors.",01-07-2022,11/05/2023,Pending
320,258/2022,APL-260/2022,"ACME Phalodi Solar Energy Private Limited & Ors.
Vs
Central Electricity Regulatory Commission & Ors.",30-06-2022,05/07/2024,Pending
321,257/2022,APL-261/2022,"ACME Deoghar Solar Power Private Limited & Ors.
Vs
Central Electricity Regulatory Commission & Ors.",30-06-2022,22/08/2023,Pending
322,255/2022,APL-346/2023,"Kerala State Electricity Board Limited
Vs
Central Electricity Regulatory Commission & Ors.",29-06-2022,19/09/2023,Disposed
323,256/2022,APL-288/2023,"Dinman Polypacks Private Limited
Vs
West Bengal Electricity Regulatory Commission & Anr.",29-06-2022,17/10/2022,Pending
324,254/2022,APL-263/2022,"Jaiprakash Power Ventures Limited, Noida(UP)
Vs
Madhya Pradesh Electricity Regulatory Commission & Ors.",28-06-2022,23/03/2023,Pending
325,252/2022,APL-544/2023,"Azure Power Earth Private Limited
Vs
Karnataka Electricity Regulatory Commission & Ors.",27-06-2022,24/07/2023,Pending
326,253/2022,APL-255/2022,"NTPC Limited
Vs
Central Electricity Regulatory Commission & Ors.",27-06-2022,14/03/2024,Pending
327,247/2022,APL-258/2023,"Gujarat Urja Vikas Nigam Limited
Vs
Coastal Gujarat Power Limited & Ors.",24-06-2022,20/07/2023,Pending
328,246/2022,APL-431/2022,"Korba Power Limited
Vs
Haryana Electricity Regulatory Commission & Ors.",24-06-2022,23/12/2025,Disposed
329,249/2022,APL-378/2023,"Maharashtra State Electricity Distribution Company Ltd.
Vs
Central Electricity Regulatory Commission & Ors.",24-06-2022,27/10/2023,Pending
330,251/2022,APL-278/2022,"Darbhanga-Motihari Transmission Company Limited
Vs
Central Electricity Regulatory Commission & Ors.",24-06-2022,25/07/2023,Pending
331,250/2022,APL-268/2022,"NRSS XXXI (B) Transmission Limited
Vs
Central Electricity Regulatory Commission & Ors.",24-06-2022,29/08/2023,Pending
332,248/2022,APL-254/2022,"Dalmia Cement (Bharat) Limited
Vs
Odisha Electricity Regulatory Commission & Ors.",24-06-2022,28/03/2023,Pending
333,245/2022,APL-218/2023,"Haryana Power Purchase Centre
Vs
Central Electricity Regulatory Commission & Ors.",23-06-2022,17/02/2023,Pending
334,243/2022,APL-185/2023,"Jaiprakash Power Ventures Limited
Vs
Madhya Pradesh Electricity Regulatory Commission & Ors.",21-06-2022,01/05/2023,Pending
335,244/2022,APL-253/2022,"NTPC Limited
Vs
Central Electricity Regulatory Commission & Ors.",21-06-2022,13/07/2023,Pending
336,242/2022,RP-253/2022,"Jaipur Vidyut Vitran Nigam Limited & Ors.
Vs
M/s Barmer Lignite Mining Company Limited (BLMCL) & Ors.",20-06-2022,22/07/2022,Disposed
337,240/2022,APL-607/2023,"Maa Mahamaya Industries Limited
Vs
Andhra Pradesh Electricity Regulatory Commission & Anr.",17-06-2022,29/08/2023,Disposed
338,239/2022,APL-250/2022,"Interocean Shipping Company
Vs
Maharashtra State Electricity Distribution Company Ltd. & Ors.",17-06-2022,02/05/2024,Disposed
339,241/2022,APL-608/2023,"Steel Exchange India Limited
Vs
Andhra Pradesh Electricity Regulatory Commission & Anr.",17-06-2022,29/08/2023,Disposed
340,238/2022,APL-246/2022,"Essar Power Gujarat Limited
Vs
Gujarat Electricity Regulatory Commission & Anr.",15-06-2022,04/11/2022,Disposed
341,237/2022,APL-244/2022,"Damodar Valley Power Consumers Association & Ors.
Vs
West Bengal Electricity Regulatory Commission  & Anr.",13-06-2022,16/09/2025,Pending
342,236/2022,APL-249/2022,"NRSS XXXI (B) Transmission Limited
Vs
Central Electricity Regulatory Commission & Ors.",10-06-2022,09/01/2023,Pending
343,235/2022,APL-297/2023,"Teestavalley Power Transmission Limited
Vs
Central Electricity Regulatory Commission & Ors.",09-06-2022,16/03/2023,Pending
344,234/2022,APL-297/2023,"Pinnacle Renewable Energy Private Limited
Vs
Uttar Pradesh Electricity Regulatory Commission & Ors.",08-06-2022,06/01/2023,Defective
345,233/2022,APL-164/2023,"NTPC Limited
Vs
Central Electricity Regulatory Commission & Ors.",07-06-2022,03/02/2023,Pending
346,232/2022,APL-165/2023,"NTPC Limited
Vs
Central Electricity Regulatory Commission & Ors.",07-06-2022,03/02/2023,Pending
347,231/2022,APL-270/2022,"NTPC Limited
Vs
Central Electricity Regulatory Commission & Ors.",06-06-2022,01/05/2023,Pending
348,230/2022,APL-258/2022,"GRIDCO Limited
Vs
NTPC Limited & Ors.",06-06-2022,18/07/2023,Pending
349,229/2022,APL-286/2023,"Inox Air Products Private Limited
Vs
West Bengal Electricity Regulatory Commission & Anr.",06-06-2022,23/04/2025,Pending
350,228/2022,APL-233/2023,"Westend Mall Occupants Welfare Association
Vs
BSES Rajdhani Power Ltd. & Ors.",03-06-2022,27/02/2023,Disposed
351,225/2022,APL-384/2023,"Power Grid Corporation of India ltd.
Vs
Central Electricity Regulatory Commission & Ors.",02-06-2022,29/08/2023,Pending
352,227/2022,APL-90/2023,"Pinnacle Renewable Energy Private Limited & Ors.
Vs
Uttar Pradesh Electricity Regulatory Commission & Anr.",02-06-2022,10/04/2023,Disposed
353,226/2022,APL-247/2022,"Powergrid Corporation of India ltd.
Vs
Central Electricity Regulatory Commission & Ors.",02-06-2022,27/01/2023,Pending
354,224/2022,APL-264/2022,"NTPC Limited
Vs
Central Electricity Regulatory Commission & Ors.",01-06-2022,25/05/2023,Pending
355,223/2022,APL-383/2023,"Power Grid Corporation of India ltd.
Vs
Central Electricity Regulatory Commission & Ors.",31-05-2022,29/08/2023,Pending
356,219/2022,EP-11/2022,"Chikkanandi Solar Power Project LL.P & Anr.
Vs
The Managing Director, Gulbarga Electricity Supply Corporation Ltd. & Anr.",31-05-2022,10/04/2023,Disposed
357,220/2022,EP-12/2022,"Tavalgiri Solar Power Project LLP & Anr.
Vs
The Managing Director, Gulbarga Electricity Supply Corporation Ltd. & Anr.",31-05-2022,10/04/2023,Disposed
358,222/2022,APL-196/2023,"Southern Power Distribution Company of Andhra Pradesh Ltd.
Vs
Andhra Pradesh Electricity Regulatory Commission & Ors.",31-05-2022,22/01/2024,Pending
359,221/2022,EP-13/2022,"Kulagoda Solar Power Project LL.P & Anr.
Vs
The Managing Director, Gulbarga Electricity Supply Company Limited  & Anr.",31-05-2022,10/04/2023,Disposed
360,215/2022,APL-242/2023,"DNH Power Distribution Company Limited
Vs
Joint Electricity Regulatory Commission",30-05-2022,02/06/2023,Pending
361,213/2022,APL-191/2023,"Delhi Transco Limited
Vs
Central Electricity Regulatory Commission & Ors.",30-05-2022,19/10/2023,Pending
362,214/2022,APL-96/2023,"Uttar Pradesh Power Transmission Corporation Limited
Vs
Uttar Pradesh Electricity Regulatory Commission",30-05-2022,23/01/2023,Pending
363,218/2022,APL-65/2023,"Azure Power (Rajasthan) Private Limited
Vs
Central Electricity Regulatory Commission & Ors.",30-05-2022,27/04/2023,Disposed
364,217/2022,APL-183/2023,"Uttar Pradesh Power Transmission Corporation Limited
Vs
Uttar Pradesh Electricity Regulatory Commission",30-05-2022,25/03/2025,Pending
365,216/2022,APL-264/2023,"Zamil Infra Pvt. Ltd. (Now Known as ZNA Infra Private Limited
Vs
Haryana Electricity Regulatory Commission & Ors.",30-05-2022,02/03/2023,Pending
366,212/2022,APL-484/2023,"Pragati Power Corporation Limited
Vs
Delhi Electricity Regulatory Commission & Ors.",30-05-2022,02/06/2023,Pending
367,208/2022,APL-245/2022,"NTPC Limited
Vs
Central Electricity Regulatory Commission & Ors.",30-05-2022,13/07/2023,Pending
368,209/2022,APL-12/2023,"Maithon Power Limited
Vs
Central Electricity Regulatory Commission & Ors.",30-05-2022,06/01/2023,Pending
369,210/2022,APL-483/2023,"Indraprastha Power Generation Company Limited
Vs
Delhi Electricity Regulatory Commission & Ors.",30-05-2022,29/08/2023,Pending
370,211/2022,APL-190/2023,"Delhi Transco Limited
Vs
Delhi Electricity Regulatory Commission & Ors.",30-05-2022,27/10/2023,Pending
371,206/2022,APL-385/2023,"Arjas Steel (P) Limited
Vs
Andhra Pradesh Electricity Regulatory Commission & Ors.",27-05-2022,30/05/2024,Disposed
372,204/2022,APL-325/2022,"Noida Power Company Limited
Vs
Uttar Pradesh Power Transmission Corporation Limited & Anr.",27-05-2022,19/05/2023,Pending
373,205/2022,APL-235/2022,"Guttaseema Wind Energy Company Pvt. Ltd.
Vs
A.P. State Electricity Regulatory Commission & Anr.",27-05-2022,09/09/2025,Disposed
374,207/2022,APL-251/2022,"NTPC Limited
Vs
Central Electricity Regulatory Commission & Ors.",27-05-2022,27/07/2023,Pending
375,203/2022,APL-236/2022,"Sprng Renewable Energy Private Limited
Vs
Central Electricity Regulatory Commission & Ors.",26-05-2022,14/05/2024,Pending
376,202/2022,APL-386/2023,"Rain Cement Limited
Vs
Andhra Pradesh Electricity Regulatory Commission & Ors.",26-05-2022,29/08/2023,Pending
377,201/2022,APL-387/2023,"Sarda Metals and Alloys Ltd.
Vs
Andhra Pradesh Electricity Regulatory Commission & Ors.",25-05-2022,29/08/2023,Disposed
378,198/2022,APL-387/2023,"Gulbarga Electricity Supply Company Limited
Vs
Aurad Solar Pvt. Ltd. & Ors.",24-05-2022,15/09/2023,Disposed
379,200/2022,APL-414/2023,"Captive Power Producers Association
Vs
Maharashtra Electricity Regulatory Commission & Ors.",24-05-2022,31/10/2023,Pending
380,199/2022,APL-232/2022,"Piccadily Agro Industries Limited & Anr.
Vs
Haryana Electricity Regulatory Commission & Ors.",24-05-2022,26/05/2023,Pending
381,196/2022,APL-70/2023,"Sardar Power Pvt. Ltd.
Vs
Andhra Pradesh Electricity Regulatory Commission & Anr.",23-05-2022,19/10/2023,Pending
382,195/2022,APL-209/2022,"Haryana Power Generation Corporation Limited
Vs
Haryana Electricity Regulatory Commission & Anr.",23-05-2022,27/05/2022,Disposed
383,194/2022,APL-233/2022,"NTPC Limited
Vs
Central Electricity Regulatory Commission & Ors.",23-05-2022,18/05/2023,Pending
384,197/2022,APL-227/2022,"Powergrid Corporation of India ltd.
Vs
Central Electricity Regulatory Commission & Ors.",23-05-2022,31/01/2023,Pending
385,189/2022,APL-242/2022,"Mahindra Renewables Private Limited
Vs
Central Electricity Regulatory Commission & Ors.",20-05-2022,18/12/2023,Disposed
386,193/2022,APL-75/2023,"Sneha Kinetic Power Projects Private Limited
Vs
Haryana Electricity Regulatory Commission & Anr.",20-05-2022,14/07/2025,Disposed
387,192/2022,APL-75/2023,"Bangalore Electricity Supply Company Ltd
Vs
Karnataka Electricity Regulatory Commission",20-05-2022,10/02/2023,Disposed
388,191/2022,APL-464/2022,"Jhajjar Power Limited
Vs
Central Electricity Regulatory Commission & Ors.",20-05-2022,16/12/2022,Pending
389,190/2022,APL-248/2022,"Athena Jaipur Solar Power Private Limited
Vs
Central Electricity Regulatory Commission & Ors.",20-05-2022,18/12/2023,Disposed
390,187/2022,APL-203/2022,"Arinsun Clean Energy Private Limited
Vs
Central Electricity Regulatory Commission & Ors.",19-05-2022,08/04/2024,Disposed
391,188/2022,APL-73/2023,"EID Parry (India) Limited (Formerly Parrys Sugar Industries Limited/GMR Industries Limited/Bharat Sugar Mills Limited)
Vs
Karnataka Electricity Regulatory Commission & Ors.",19-05-2022,22/02/2024,Pending
392,176/2022,APL-175/2023,"Torrent Power Limited
Vs
Gujarat Electricity Regulatory Commission",17-05-2022,29/08/2023,Pending
393,180/2022,APL-140/2023,"Shree Cement Limited
Vs
Uttar Pradesh Electricity Regulatory Commission",17-05-2022,31/01/2023,Pending
394,184/2022,APL-228/2022,"Rain CII Carbon (Vizag) Ltd.
Vs
Andhra Pradesh Electricity Regulatory Commission & Ors.",17-05-2022,12/09/2023,Disposed
395,178/2022,APL-180/2023,"Torrent Power Limited
Vs
Gujarat Electricity Regulatory Commission",17-05-2022,29/08/2023,Pending
396,185/2022,APL-194/2022,"Powergrid Southern Interconnector Transmission System Limited (PSITSL) (Formerly Known as Vemagiri II Transmission Limited)
Vs
Central Electricity Regulatory Commission & Ors.",17-05-2022,12/08/2024,Disposed
397,183/2022,APL-206/2022,"Juniper Green Energy Private Limited
Vs
Maharashtra Electricity Regulatory Commission & Ors.",17-05-2022,13/02/2023,Disposed
398,186/2022,APL-388/2023,"Ultra Tech Cements Limited
Vs
Andhra Pradesh Electricity Regulatory Commission & Ors.",17-05-2022,29/08/2023,Disposed
399,177/2022,APL-178/2023,"Torrent Power Limited
Vs
Gujarat Electricity Regulatory Commission",17-05-2022,29/08/2023,Pending
400,182/2022,APL-243/2022,"MPSEZ Utilities Limited
Vs
Gujarat Electricity Regulatory Commission",17-05-2022,17/01/2023,Pending
401,179/2022,EP-1/2023,"Chikkahalli Solar Power Project LL.P & Anr.
Vs
Bangalore Electricity Supply Company Limited & Anr.",17-05-2022,14/09/2023,Disposed
402,181/2022,APL-210/2022,"PTC India Limited
Vs
Central Electricity Regulatory Commission & Ors.",17-05-2022,17/02/2023,Pending
403,174/2022,APL-425/2023,"Hubli Electricity Supply Company Ltd.
Vs
Chirasthaayee Saurya Limited & Ors.",12-05-2022,09/05/2023,Pending
404,173/2022,APL-207/2022,"GRIDCO Limited
Vs
GMR Kamalanga Energy Limited (GKEL) & Ors.",12-05-2022,21/03/2023,Disposed
405,175/2022,APL-259/2023,"Sembcorp Green Infra Private Limited  & Anr.
Vs
Madhya Pradesh Electricity Regulatory Commission & Ors.",12-05-2022,20/08/2024,Pending
406,172/2022,APL-211/2022,"Avaada Energy Private Ltd. & Anr.
Vs
Central Electricity Regulatory Commission & Ors.",12-05-2022,15/07/2022,Disposed
407,171/2022,APL-187/2023,"Mangalore Electricity Supply Company Limited
Vs
SRM Power Private Limited & Anr.",10-05-2022,18/07/2023,Pending
408,169/2022,APL-193/2022,"SKS Power Generation (Chhattisgarh) Limited
Vs
Central Electricity Regulatory Commission & Ors.",10-05-2022,07/10/2022,Disposed
409,170/2022,APL-425/2022,"Southern Power Distribution Company of Andhra Pradesh Limited & Ors.
Vs
Andhra Pradesh Electricity Regulatory Commission & Ors.",10-05-2022,17/11/2022,Disposed
410,164/2022,APL-217/2023,"M.P. Power Management Company Ltd.
Vs
M/s Athena Jaipur Solar Power Pvt. Ltd. (Formerly Known as ACME Jaipur Solar Power Private Limited) & Ors.",09-05-2022,17/02/2023,Pending
411,168/2022,APL-197/2022,"NTPC Limited
Vs
Central Electricity Regulatory Commission & Ors.",09-05-2022,23/02/2023,Pending
412,165/2022,APL-120/2023,"ONGC Tripura Power Company Limited
Vs
Assam Power Distribution Company Limited & Ors.",09-05-2022,24/01/2023,Pending
413,167/2022,APL-232/2023,"NTPC Limited
Vs
Central Electricity Regulatory Commission & Ors.",09-05-2022,22/11/2024,Pending
414,166/2022,APL-184/2022,"Indian Railways
Vs
Telangana State Electricity Regulatory Commission & Ors.",09-05-2022,17/01/2023,Pending
415,163/2022,APL-177/2022,"Jindal India Thermal Power Limited
Vs
Central Electricity Regulatory Commission & Ors.",09-05-2022,13/05/2022,Disposed
416,161/2022,APL-196/2022,"NTPC Limited
Vs
Central Electricity Regulatory Commission & Ors.",06-05-2022,19/10/2023,Pending
417,159/2022,APL-121/2023,"ONGC Tripura Power Company Limited
Vs
Assam Power Distribution Company Limited & Ors.",06-05-2022,24/01/2023,Pending
418,160/2022,APL-186/2022,"Indian Railways (Northern Railway)
Vs
Punjab State Power Corporation Limited & Ors.",06-05-2022,23/12/2022,Pending
419,162/2022,APL-231/2022,"NTPC Limited
Vs
Central Electricity Regulatory Commission & Ors.",06-05-2022,06/04/2023,Pending
420,157/2022,APL-67/2023,"Tata Power Delhi Distribution Limited
Vs
NTPC Limited & Ors.",05-05-2022,17/01/2023,Pending
421,158/2022,APL-35/2023,"M/s Jhabua Power Ltd.
Vs
Madhya Pradesh Electricity Regulatory Commission & Ors.",05-05-2022,23/01/2024,Pending
422,156/2022,APL-36/2023,"Mahindra Susten Private Limited
Vs
Rajasthan Electricity Regulatory Commission & Ors.",04-05-2022,31/05/2023,Disposed
423,155/2022,APL-223/2023,"Powergrid Corporation of India ltd.
Vs
Central Electricity Regulatory Commission & Ors.",04-05-2022,02/06/2023,Pending
424,154/2022,APL-19/2023,"West Bangal State Electricity Distribution Company Ltd.
Vs
West Bengal Electricity Regulatory Commission",02-05-2022,10/01/2023,Pending
425,153/2022,APL-392/2022,"GRIDCO Limited
Vs
Odisha Electricity Regulatory Commission & Ors.",02-05-2022,25/08/2022,Disposed
426,150/2022,APL-208/2022,"M/s Viraj Profiles Private Limited (Previously Known as Viraj Profiles Limited & Anr.
Vs
Maharashtra State Electricity Distribution Company Ltd. & Ors.",29-04-2022,14/08/2023,Pending
427,151/2022,APL-31/2023,"L R Energy Pvt. Ltd.
Vs
Haryana Electricity Regulatory Commission & Ors.",29-04-2022,17/12/2024,Disposed
428,149/2022,APL-147/2023,"Tamil Nadu Spinning Mills Association,
Vs
Tamil Nadu Electricity Regulatory Commission & Anr.",29-04-2022,19/05/2026,Pending
429,152/2022,APL-168/2022,"M/s JSW Hydro Energy Limited
Vs
Central Electricity Regulatory Commission & Ors.",29-04-2022,20/05/2026,Pending
430,147/2022,APL-185/2022,"M/s Rana Sugars Limited
Vs
Uttar Pradesh Electricity Regulatory Commission & Ors.",28-04-2022,07/08/2025,Disposed
431,148/2022,APL-164/2022,"West Bengal State Electricity Distribution Company Ltd.
Vs
West Bengal Electricity Regulatory Commission",28-04-2022,16/01/2023,Pending
432,146/2022,APL-214/2022,"Chennai Petroleum Corporation Limited
Vs
Tamil Nadu Generation and Distribution Corporation Limited & Ors.",28-04-2022,19/12/2023,Disposed
433,145/2022,APL-382/2023,"Bihar Grid Company Limited
Vs
Bihar Electricity Regulatory Commission",25-04-2022,15/09/2023,Pending
434,144/2022,APL-188/2022,"North Karanpura Transmission Company Limited & Anr.
Vs
Central Electricity Regulatory Commission & Ors.",25-04-2022,18/07/2023,Pending
435,140/2022,APL-169/2022,"Powergrid Corporation of India ltd.
Vs
Central Electricity Regulatory Commission & Ors.",22-04-2022,19/05/2023,Pending
436,143/2022,APL-161/2023,"M/s Devi Energies Pvt. Ltd.
Vs
Arunachal Pradesh State Electricity Regulatory Commission  & Ors.",22-04-2022,20/05/2026,Pending
437,142/2022,APL-20/2023,"GRIDCO Limited
Vs
Odisha Electricity Regulatory Commission & Anr.",22-04-2022,10/01/2023,Pending
438,141/2022,APL-273/2022,"Dakshin Gujarat Vij Company Limited
Vs
Surat Diamond Bourse  & Ors.",22-04-2022,07/10/2022,Disposed
439,139/2022,APL-273/2022,"Southern Power Distribution Company of Telangana Limited & Anr.
Vs
M/s. BVM Energy and Residency Private Limited & Ors.",18-04-2022,19/01/2023,Disposed
440,138/2022,CP-5/2022,"Coastal Energen Pvt. Limited
Vs
Central Transmission Utility India Limited & Anr.",18-04-2022,22/04/2022,Disposed
441,136/2022,APL-432/2022,"Adani Solar Energy  Jodhpur Three Private Limited
Vs
Central Electricity Regulatory Commission & Ors.",13-04-2022,19/01/2023,Disposed
442,137/2022,APL-270/2023,"B.S. Channabasappa and Sons & Ors.
Vs
Maharashtra Electricity Regulatory Commission & Anr.",13-04-2022,31/07/2023,Pending
443,135/2022,APL-241/2022,"Ghodawat Energy Private Limited(Formerly Known Ghodawat Industriers (India) Pvt. Ltd. & Ors.
Vs
Maharashtra State Electricity Distribution Company Ltd. & Anr.",13-04-2022,12/05/2023,Pending
444,134/2022,APL-216/2023,"RattanIndia Power Limited
Vs
Maharashtra Electricity Regulatory Commission & Anr.",12-04-2022,20/05/2026,Pending
445,133/2022,APL-195/2023,"Shri Rama Shanker Awasthi
Vs
Uttar Pradesh Electricity Regulatory Commission & Ors.",11-04-2022,25/05/2026,Pending
446,131/2022,APL-478/2022,"West Bengal State Electricity Distribution Co. Ltd
Vs
West Bengal Electricity Regulatory Commission",08-04-2022,13/12/2022,Pending
447,132/2022,APL-320/2022,"Captive Power Producers Association
Vs
Maharashtra Electricity Regulatory Commission & Ors.",08-04-2022,02/12/2022,Pending
448,130/2022,APL-214/2023,"M/s Shriniwas Board And Paper Pvt. Ltd. & Anr.
Vs
Madhya Pradesh Paschim Kshetra Vidyut Vitran Ltd. & Ors.",07-04-2022,17/02/2023,Pending
449,129/2022,APL-163/2022,"Haryana Power Generation Corporation Limited
Vs
Haryana Electricity Regulatory Commission & Ors.",06-04-2022,02/03/2023,Pending
450,128/2022,APL-135/2022,"Punjab State Power Corporation Limited
Vs
M/s Indian Sucrose Limited & Ors.",06-04-2022,11/04/2025,Pending
451,127/2022,RP-15/2023,"Indian Renewable Energy Development Agency
Vs
Kerala State Electricity Board Ltd. & Ors.",05-04-2022,10/11/2025,Disposed
452,126/2022,APL-127/2022,"Manikaran Power Limited & Anr.
Vs
Tamil Nadu Generation and Distribution Corporation Limited & Anr.",04-04-2022,22/04/2022,Disposed
453,125/2022,APL-159/2022,"Powergrid Corporation of India ltd.
Vs
Central Electricity Regulatory Commission & Ors.",01-04-2022,27/02/2023,Pending
454,124/2022,APL-205/2022,"NTPC Limited
Vs
Haryana Electricity Regulatory Commission & Anr.",01-04-2022,16/12/2022,Pending
455,122/2022,APL-134/2022,"Goa Tamnar Transmission Project Limited
Vs
Central Electricity Regulatory Commission & Ors.",31-03-2022,01/05/2023,Disposed
456,121/2022,APL-126/2023,"GRIDCO Limited
Vs
Odisha Electricity Regulatory Commission & Ors.",31-03-2022,31/08/2023,Pending
457,120/2022,APL-136/2022,"Rajasthan Rajya Vidyut Utpadan Nigam Limited
Vs
Rajasthan Electricity Regulatory Commission & Ors.",31-03-2022,19/12/2022,Disposed
458,123/2022,APL-158/2023,"BSES Rajdhani Power Ltd.
Vs
Delhi Electricity Regulatory Commission",31-03-2022,09/10/2023,Pending
459,118/2022,APL-159/2023,"BSES Yamuna Power Ltd
Vs
Delhi Electricity Regulatory Commission",30-03-2022,09/10/2023,Pending
460,119/2022,APL-160/2023,"M/s Devi Energies Pvt. Ltd.
Vs
Arunachal Pradesh State Electricity Regulatory Commission & Ors.",30-03-2022,20/05/2026,Pending
461,117/2022,APL-142/2023,"NTPC Limited
Vs
Central Electricity Regulatory Commission & Ors.",29-03-2022,31/01/2023,Pending
462,116/2022,APL-120/2022,"RKM Powergen Private Limited
Vs
Chhattisgarh State Electricity Regulatory Commission & Ors.",29-03-2022,12/08/2024,Disposed
463,115/2022,APL-111/2022,"Azure Power India Private Limited
Vs
Maharashtra Electricity Regulatory Commission & Ors.",29-03-2022,24/02/2023,Disposed
464,113/2022,APL-149/2022,"Piccadily Agro Industries Limited
Vs
Haryana Electricity Regulatory Commission & Ors.",28-03-2022,04/07/2023,Pending
465,114/2022,APL-114/2022,"Lalitpur Power Generation Co. Ltd.
Vs
Uttar Pradesh Electricity Regulatory Commission & Ors.",28-03-2022,19/10/2023,Disposed
466,111/2022,APL-146/2022,"Adani Green Energy (UP) Limited
Vs
Karnataka Electricity Regulatory Commission & Anr.",25-03-2022,12/05/2023,Disposed
467,110/2022,APL-158/2022,"Adani Green Energy(UP) Limited
Vs
Karnataka Electricity Regulatory Commission & Anr.",25-03-2022,12/05/2023,Disposed
468,112/2022,EP-2/2022,"M/s Barmer Lignite Mining Company Ltd.
Vs
Rajasthan Electricity Regulatory Commission  & Ors.",25-03-2022,25/11/2022,Disposed
469,109/2022,APL-122/2022,"Adani Green Energy (UP) Limited
Vs
Karnataka Electricity Regulatory Commission & Anr.",24-03-2022,12/05/2023,Disposed
470,108/2022,APL-133/2022,"Adani Green Energy(UP) Limited
Vs
Karnataka Electricity Regulatory Commission & Anr.",24-03-2022,12/05/2023,Disposed
471,106/2022,APL-128/2022,"Adani Green Energy (UP) Limited
Vs
Karnataka Electricity Regulatory Commission & Anr.",23-03-2022,12/05/2023,Disposed
472,107/2022,APL-117/2022,"Adani Green Energy (UP) Limited
Vs
Karnataka Electricity Regulatory Commission & Anr.",23-03-2022,12/05/2023,Disposed
473,105/2022,APL-123/2022,"Adani Green Energy (UP) Limited
Vs
Karnataka Electricity Regulatory Commission & Anr.",23-03-2022,12/05/2023,Disposed
474,102/2022,APL-68/2023,"SSMT Power Private Limited
Vs
Tamil Nadu Electricity Regulatory Commission & Ors.",22-03-2022,17/01/2023,Pending
475,101/2022,APL-85/2022,"GI Hydro Private Limited (Formerly known as Gati infrastructure Pvt. Ltd.
Vs
Haryana Electricity Regulatory Commission & Anr.",22-03-2022,26/05/2025,Disposed
476,103/2022,APL-333/2022,"Tamil Nadu Generation and Distribution Corporation Limited
Vs
Central Electricity Regulatory Commission & Ors.",22-03-2022,07/10/2022,Disposed
477,104/2022,APL-129/2022,"Parampujya Solar Energy Pvt. Ltd.
Vs
Karnataka Electricity Regulatory Commission & Ors.",22-03-2022,12/05/2023,Disposed
478,100/2022,APL-155/2022,"Grace Infrastructure Private Limited
Vs
TANGEDCO & Ors.",21-03-2022,15/02/2024,Disposed
479,98/2022,APL-349/2023,"NTPC Limited
Vs
Central Electricity Regulatory Commission & Ors.",21-03-2022,31/03/2023,Pending
480,99/2022,APL-156/2022,"Grace Infrastructure Private Limited
Vs
TANGEDCO & Ors.",21-03-2022,15/02/2024,Disposed
481,97/2022,EP-5/2022,"BSES Rajdhani Power Ltd.
Vs
NTPC Limited",21-03-2022,08/08/2023,Disposed
482,96/2022,EP-4/2022,"BSES Yamuna Power Ltd
Vs
NTPC Limited",21-03-2022,08/08/2023,Disposed
483,95/2022,APL-157/2023,"Western Electricity Supply Company of Odisha Limited (WESCO) & Ors.
Vs
Odisha Electricity Regulatory Commission & Ors.",15-03-2022,02/02/2023,Pending
484,94/2022,APL-112/2022,"Haryana Power Purchase Centre
Vs
Avaada Green HNProject Private Limited & Ors.",14-03-2022,14/02/2023,Pending
485,93/2022,APL-208/2023,"Satec Envir Engineering (India) Pvt. Ltd.
Vs
Telangana State Electricity Regulatory Commission & Ors.",11-03-2022,16/01/2023,Pending
486,92/2022,APL-326/2022,"Madhyanchal Vidyut Vitran Nigam Limited Electricity Distribution Division
Vs
Shri Puneet Kumar Aggarwal & Anr.",11-03-2022,02/05/2023,Pending
487,91/2022,APL-77/2022,"West Bengal State Electricity Distribution Company Ltd.
Vs
West Bengal Electricity Regulatory Commission",11-03-2022,23/09/2022,Pending
488,90/2022,APL-9/2023,"Adani Transmission (India) Limited (ATIL)
Vs
Central Electricity Regulatory Commission & Ors.",11-03-2022,18/11/2024,Disposed
489,88/2022,APL-115/2022,"NTPC Limited
Vs
Central Electricity Regulatory Commission & Ors.",10-03-2022,02/03/2023,Pending
490,89/2022,APL-347/2023,"NTPC Limited
Vs
Central Electricity Regulatory Commission & Ors.",10-03-2022,31/03/2023,Pending
491,86/2022,APL-76/2022,"Khargone Transmission Limited
Vs
Central Electricity Regulatory Commission & Ors.",09-03-2022,05/04/2022,Disposed
492,85/2022,APL-75/2022,"Odisha Generation Phase II Transmission Limited
Vs
Central Electricity Regulatory Commission & Ors.",09-03-2022,05/04/2022,Disposed
493,87/2022,APL-74/2022,"NER-II Transmission Limited
Vs
Central Electricity Regulatory Commission & Ors.",09-03-2022,05/04/2022,Disposed
494,80/2022,APL-78/2022,"Jindal India Thermal Power Limited
Vs
Central Electricity Regulatory Commission & Anr.",08-03-2022,31/07/2024,Disposed
495,84/2022,APL-86/2022,"Punjab State Power Corporation Limited,
Vs
Punjab State Electricity Regulatory Commission & Anr.",08-03-2022,11/04/2023,Disposed
496,82/2022,APL-80/2023,"GRIDCO Limited
Vs
Odisha Electricity Regulatory Commission & Ors.",08-03-2022,17/11/2023,Pending
497,83/2022,APL-81/2023,"GRIDCO Limited
Vs
Odisha Electricity Regulatory Commission & Ors.",08-03-2022,17/11/2023,Pending
498,81/2022,APL-79/2023,"GRIDCO Limited
Vs
Odisha Electricity Regulatory Commission & Ors.",08-03-2022,21/05/2026,Pending
499,79/2022,APL-126/2026,"Little Flower Hospital
Vs
Kerala State Electrcity Regulatory Commission & Anr.",03-03-2022,06/05/2026,Pending
500,77/2022,APL-73/2022,"Baitarani Power Project Private Limited
Vs
Odisha Electricity Regulatory Commission & Ors.",28-02-2022,21/10/2022,Disposed
501,78/2022,APL-281/2022,"Southern Power Distribution Company of Telangana Limited
Vs
Telangana State Electricity Regulatory Commission & Ors.",28-02-2022,30/05/2023,Disposed
502,74/2022,APL-451/2022,"PTC India Limited
Vs
Tamil Nadu Electricity Regulatory Commission & Ors.",28-02-2022,06/12/2022,Pending
503,75/2022,APL-277/2023,"Rajasthan Rajya Vidyut Prasaran Nigam Limited
Vs
Rajasthan Electricity Regulatory Commission & Anr.",28-02-2022,07/03/2024,Disposed
504,76/2022,APL-126/2022,"Solaire Surya Urja Private Limited
Vs
Central Electricity Regulatory Commission & Ors.",28-02-2022,10/02/2025,Disposed
505,72/2022,RP-3/2022,"Bihar State Power (Holding) Company Ltd
Vs
Responce Renewable Energy Ltd. & Ors.",25-02-2022,13/05/2022,Disposed
506,71/2022,RP-1/2022,"Bihar State Power (Holding) Company Ltd
Vs
Glatt Solutions Private Limited & Ors.",25-02-2022,13/05/2022,Disposed
507,73/2022,RP-2/2022,"Bihar State Power (Holding) Company Ltd
Vs
Sunmark Energy Project Limited & Ors.",25-02-2022,13/05/2022,Disposed
508,70/2022,EP-3/2022,"Panchakshari Power Projects LLP
Vs
The Managing Director, Bangalore Electricity Supply Company Limited (BESCOM) & Ors.",24-02-2022,13/12/2022,Disposed
509,69/2022,APL-99/2022,"NTPC Limited
Vs
Central Electricity Regulatory Commission & Ors.",24-02-2022,02/03/2023,Pending
510,67/2022,APL-245/2023,"Hubli Electricity Supply Company Ltd.
Vs
Adyah Solar Energy Private Limited  & Anr.",22-02-2022,07/02/2025,Disposed
511,65/2022,APL-334/2022,"Jayaswal Neco Industries Limited
Vs
Chhattisgarh State Electricity Regulatory Commission & Anr.",22-02-2022,22/11/2022,Pending
512,68/2022,APL-118/2022,"Rajasthan Rajya Vidyut Utpadan Nigam Limited
Vs
Rajasthan Electricity Regulatory Commission & Ors.",22-02-2022,12/12/2022,Pending
513,66/2022,APL-322/2023,"Bangalore Electricity Supply Company Ltd
Vs
Cambria Solar Private Limited & Anr.",22-02-2022,06/05/2026,Pending
514,64/2022,APL-53/2022,"Shapoorji Pallonji Infrastructure Capital Company Private Limited
Vs
Power Grid Corporation of India Limited & Anr.",21-02-2022,12/04/2022,Disposed
515,62/2022,APL-360/2022,"Ratedi Wind Power Private Limited  & Anr.
Vs
Madhya Pradesh Electricity Regulatory Commission & Ors.",21-02-2022,16/09/2022,Pending
516,60/2022,APL-38/2022,"Vedanta Limited
Vs
Odisha Electricity Regulatory Commission & Ors.",21-02-2022,11/03/2022,Disposed
517,63/2022,APL-315/2022,"Tata Power Delhi Distribution Ltd.
Vs
Delhi Transco Limited & Ors.",21-02-2022,15/12/2023,Pending
518,61/2022,APL-119/2022,"Jaiprakash Power Ventures Limited
Vs
Madhya Pradesh Electricity Regulatory Commission & Ors.",21-02-2022,03/02/2026,Pending
519,57/2022,APL-119/2022,"Chhattisgarh State Power Trading Co. Limited
Vs
Chhattisgarh State Electricity Regulatory Commission & Ors.",18-02-2022,06/01/2023,Defective
520,58/2022,APL-92/2022,"Power Grid Corporation of India Limited
Vs
Central Electricity Regulatory Commission & Anr.",18-02-2022,20/02/2023,Pending
521,59/2022,APL-80/2022,"DNH Power Distribution Company Limited
Vs
Central Electricity Regulatory Commission & Anr.",18-02-2022,05/08/2022,Pending
522,48/2022,APL-93/2022,"Adani Green Energy (UP) Limited
Vs
Karnataka Electricity Regulatory Commission & Anr.",17-02-2022,12/05/2023,Disposed
523,52/2022,APL-71/2022,"Celestial Solar Solutions Private Limited
Vs
Mangalore Electricity Supply Co. Ltd. & Ors.",17-02-2022,15/09/2025,Disposed
524,50/2022,APL-68/2022,"Adani Green Energy (UP) Limited
Vs
Karnataka Electricity Regulatory Commission & Anr.",17-02-2022,12/05/2023,Disposed
525,51/2022,APL-60/2022,"Adani Green Energy (UP) Limited
Vs
Karnataka Electricity Regulatory Commission & Anr.",17-02-2022,07/07/2023,Disposed
526,55/2022,APL-91/2022,"Haryana Power Purchase Centre
Vs
M/s LR Energy Private Limited & Ors.",17-02-2022,21/02/2025,Disposed
527,53/2022,APL-70/2022,"Punjab State Transmission Corporation Limited
Vs
Punjab State Electricity Regulatory Commission & Anr.",17-02-2022,17/01/2023,Pending
528,54/2022,APL-306/2022,"Heavy Water Plant (Manuguru) & Anr.
Vs
Telangana State Electricity Regulatory Commission & Ors.",17-02-2022,21/12/2022,Pending
529,49/2022,APL-100/2022,"Adani Green Energy (UP) Limited
Vs
Karnataka Electricity Regulatory Commission & Anr.",17-02-2022,12/05/2023,Disposed
530,47/2022,APL-89/2022,"Adani Green Energy (UP) Limited
Vs
Karnataka Electricity Regulatory Commission & Anr.",17-02-2022,12/05/2023,Disposed
531,56/2022,APL-105/2022,"Uttar Haryana Bijli Vitran Nigam Ltd. & Anr.
Vs
Adani Power Limited & Anr.",17-02-2022,21/07/2023,Pending
532,45/2022,APL-105/2022,"Vedanta Limited
Vs
Odisha Electricity Regulatory Commission & Ors.",16-02-2022,11/03/2022,Defective
533,46/2022,APL-132/2022,"Power Grid Corporation of India Ltd.
Vs
Central Electricity Regulatory Commission & Ors.",16-02-2022,28/03/2023,Pending
534,44/2022,APL-54/2023,"Hiranmaye Energy Limited (HMEL)
Vs
West Bengal Electricity Regulatory Commission  & Anr.",14-02-2022,20/12/2022,Pending
535,42/2022,APL-79/2022,"NHPC Ltd.
Vs
Punjab State Power Corporation Limited, & Ors.",11-02-2022,17/01/2023,Pending
536,43/2022,APL-69/2022,"Adani Solar Energy RJ One Pvt. Ltd.
Vs
Punjab State Electricity Regulatory Commission & Ors.",11-02-2022,23/09/2022,Pending
537,41/2022,APL-379/2022,"Star Wire (India) Vidyut Private Limited
Vs
Haryana Electricity Regulatory Commission & Anr.",11-02-2022,23/09/2022,Pending
538,40/2022,APL-116/2022,"Raipur-Rajnandgaon-Warora Transmission Limited
Vs
Central Electricity Regulatory Commission & Ors.",10-02-2022,05/04/2022,Disposed
539,39/2022,APL-106/2022,"NTPC Limited
Vs
Central Electricity Regulatory Commission & Ors.",10-02-2022,16/01/2023,Pending
540,37/2022,APL-55/2023,"Maharashtra State Electricity Distribution Company Ltd.
Vs
Maharashtra Electricity Regulatory Commission & Anr.",09-02-2022,09/01/2023,Pending
541,38/2022,RP-55/2023,"Delhi Electricity Regulatory Commission
Vs
Tata Power Delhi Distribution Ltd.",09-02-2022,24/05/2022,Disposed
542,35/2022,APL-187/2022,"Avaada Energy Private Limited
Vs
Bihar Electricity Regulatory Commission & Ors.",08-02-2022,19/05/2022,Disposed
543,36/2022,APL-88/2022,"ReNew Solar Energy (Jharkhand Five) Private Limited
Vs
Rajasthan Electricity Regulatory Commission & Ors.",08-02-2022,29/09/2023,Disposed
544,33/2022,APL-52/2022,"Sitara Solar Energy Private Limited
Vs
Solar Energy Corporation of India Limited & Ors.",07-02-2022,01/05/2023,Disposed
545,32/2022,APL-32/2022,"Tata Power Company Ltd.- Transmission
Vs
Maharashtra Electricity Regulatory Commission & Ors.",07-02-2022,15/07/2024,Disposed
546,34/2022,APL-299/2023,"MP Power Management Company Limited & Ors.
Vs
Madhya Pradesh Electricity Regulatory Commission & Ors.",07-02-2022,31/03/2023,Disposed
547,30/2022,APL-43/2023,"NTPC Limited
Vs
Central Electricity Regulatory Commission & Ors.",02-02-2022,12/01/2023,Pending
548,31/2022,APL-88/2023,"Indian Railways
Vs
Uttar Pradesh Power Transmission Corporation Limited & Ors.",02-02-2022,30/01/2023,Pending
549,29/2022,APL-26/2022,"Fortum Solar Plus Private Limited
Vs
Rajasthan Electricity Regulatory Commission & Ors.",01-02-2022,14/08/2024,Disposed
550,28/2022,APL-271/2023,"Powergrid Corporation of India Ltd.
Vs
Central Electricity Regulatory Commission & Ors.",28-01-2022,16/03/2023,Pending
551,27/2022,OP-3/2022,"Tata Power Delhi Distribution Ltd.
Vs
Delhi Electricity Regulatory Commission",28-01-2022,14/07/2022,Disposed
552,26/2022,APL-213/2023,"TGV SRAAC Limited (Formerly Known as Sree Rayalaseema Alkalies and Allied Chemicals Limited)
Vs
Andhra Pradesh Electricity Regulatory Commission & Ors.",25-01-2022,26/02/2024,Disposed
553,25/2022,APL-113/2022,"Jaiprakash Power Ventures Limited
Vs
Madhya Pradesh Electricity Regulatory Commission & Ors.",24-01-2022,28/07/2025,Disposed
554,24/2022,APL-24/2022,"Serum Institute of India Private Limited
Vs
Karnataka Electricity Regulatory Commission & Ors.",21-01-2022,14/02/2023,Pending
555,22/2022,APL-24/2022,"Tata Power Delhi Distribution Ltd.
Vs
Central Electricity Regulatory Commission & Ors.",19-01-2022,25/03/2022,Disposed
556,21/2022,EP-1/2022,"Vedanta Limited
Vs
Grid Corporation of Odisha Limited & Ors.",19-01-2022,10/02/2023,Disposed
557,23/2022,CP-4/2022,"Vedanta Limited
Vs
Grid Corporation of Odisha Limited & Ors.",19-01-2022,28/01/2022,Disposed
558,20/2022,APL-414/2022,"Solar Energy Corporation of India Limited
Vs
Kerala State Electricity Regulatory Commission & Anr.",18-01-2022,13/08/2024,Disposed
559,19/2022,APL-72/2022,"Gujarat Urja Vikas Nigam Limited & Anr.
Vs
Gujarat Electricity Regulatory Commission & Anr.",14-01-2022,19/10/2022,Pending
560,15/2022,APL-7/2022,"AEW India North One Private Limited
Vs
Rajasthan Electricity Regulatory Commission & Ors.",13-01-2022,09/05/2022,Disposed
561,16/2022,APL-8/2022,"AEW India North One Private Limited
Vs
Rajasthan Electricity Regulatory Commission & Ors.",13-01-2022,09/05/2022,Disposed
562,17/2022,APL-112/2023,"Hubli Electricity Supply Company Ltd.
Vs
Fortum Solar India Private Limited & Anr.",13-01-2022,09/10/2023,Disposed
563,14/2022,APL-9/2022,"NTPC Renewable Energy Limited
Vs
Rajasthan Electricity Regulatory Commission & Ors.",13-01-2022,28/01/2022,Disposed
564,18/2022,APL-472/2022,"NTPC Limited
Vs
Central Electricity Regulatory Commission & Ors.",13-01-2022,19/12/2022,Pending
565,12/2022,APL-493/2023,"Bangalore Electricity Supply Company Ltd
Vs
Karnataka Electricity Regulatory Commission & Anr.",12-01-2022,14/07/2023,Pending
566,13/2022,APL-494/2023,"Bangalore Electricity Supply Company Ltd
Vs
Karnataka Electricity Regulatory Commission & Anr.",12-01-2022,14/07/2023,Pending
567,10/2022,APL-318/2022,"Waaneep Solar Pvt. Ltd.
Vs
Madhya Pradesh Electricity Regulatory Commission & Anr.",12-01-2022,22/07/2022,Pending
568,11/2022,APL-318/2022,"Karnataka Power Transmission Corporation Ltd.
Vs
Karnataka Electricity Regulatory Commission & Ors.",12-01-2022,14/10/2022,Disposed
569,9/2022,APL-243/2023,"PTC India Limited
Vs
Tamil Nadu Electricity Regulatory Commission & Ors.",07-01-2022,24/02/2023,Pending
570,8/2022,EP-243/2023,"Maharashtra State Electricity Distribution Company Ltd.
Vs
Central Electricity Regulatory Commission & Ors.",07-01-2022,19/01/2023,Disposed
571,7/2022,OP-1/2022,"NRSS-XXIX Transmission Limited
Vs
Central Electricity Regulatory Commission & Ors.",05-01-2022,05/04/2022,Disposed
572,6/2022,OP-2/2022,"East-North Interconnection Company Limited
Vs
Central Electricity Regulatory Commission & Ors.",05-01-2022,05/04/2022,Disposed
573,5/2022,APL-11/2023,"Adani Power  Limited
Vs
Central Electricity Regulatory Commission & Ors.",05-01-2022,21/07/2023,Pending
574,3/2022,RP-11/2023,"Mangalam Cement Limited
Vs
Jaipur Vidyut Vitran Nigam Limited & Anr.",04-01-2022,14/01/2022,Defective
575,4/2022,APL-94/2022,"Fortune Five Hydel Projects Private Limited
Vs
Bengaluru Electricity Supply Company Limited & Ors.",04-01-2022,02/04/2024,Pending
576,1/2022,APL-186/2023,"Sukhbir Agro Energy Limited
Vs
Uttar Pradesh Electricity Regulatory Commission & Ors.",03-01-2022,27/05/2025,Disposed
577,2/2022,APL-123/2023,"NTPC Limited
Vs
Odisha Electricity Regulatory Commission & Ors.",03-01-2022,13/08/2024,Disposed
